loader,layer,key,schools,source_url,caveat
forge,glyph_override,ars_nouveau:glyph_firework,GENERIC,https://github.com/otectus/ars-n-spells/blob/2578bad5d820fc2de9f38c26c92833a0d977c441/src/main/java/com/otectus/arsnspells/util/SchoolMappings.java#L101,Static explicit map only; runtime metadata/heuristics/datapacks may also resolve glyphs
forge,glyph_override,ars_nouveau:glyph_lightning,LIGHTNING,https://github.com/otectus/ars-n-spells/blob/2578bad5d820fc2de9f38c26c92833a0d977c441/src/main/java/com/otectus/arsnspells/util/SchoolMappings.java#L103,Static explicit map only; runtime metadata/heuristics/datapacks may also resolve glyphs
forge,glyph_override,ars_nouveau:glyph_blink,ENDER,https://github.com/otectus/ars-n-spells/blob/2578bad5d820fc2de9f38c26c92833a0d977c441/src/main/java/com/otectus/arsnspells/util/SchoolMappings.java#L104,Static explicit map only; runtime metadata/heuristics/datapacks may also resolve glyphs
forge,glyph_override,ars_nouveau:glyph_ender_inventory,ENDER,https://github.com/otectus/ars-n-spells/blob/2578bad5d820fc2de9f38c26c92833a0d977c441/src/main/java/com/otectus/arsnspells/util/SchoolMappings.java#L105,Static explicit map only; runtime metadata/heuristics/datapacks may also resolve glyphs
forge,glyph_override,ars_nouveau:glyph_wither,ELDRITCH,https://github.com/otectus/ars-n-spells/blob/2578bad5d820fc2de9f38c26c92833a0d977c441/src/main/java/com/otectus/arsnspells/util/SchoolMappings.java#L106,Static explicit map only; runtime metadata/heuristics/datapacks may also resolve glyphs
forge,glyph_override,ars_nouveau:glyph_hex,ELDRITCH,https://github.com/otectus/ars-n-spells/blob/2578bad5d820fc2de9f38c26c92833a0d977c441/src/main/java/com/otectus/arsnspells/util/SchoolMappings.java#L107,Static explicit map only; runtime metadata/heuristics/datapacks may also resolve glyphs
forge,glyph_override,ars_nouveau:glyph_fangs,EVOCATION,https://github.com/otectus/ars-n-spells/blob/2578bad5d820fc2de9f38c26c92833a0d977c441/src/main/java/com/otectus/arsnspells/util/SchoolMappings.java#L108,Static explicit map only; runtime metadata/heuristics/datapacks may also resolve glyphs
forge,glyph_override,ars_nouveau:glyph_summon_undead,EVOCATION,https://github.com/otectus/ars-n-spells/blob/2578bad5d820fc2de9f38c26c92833a0d977c441/src/main/java/com/otectus/arsnspells/util/SchoolMappings.java#L109,Static explicit map only; runtime metadata/heuristics/datapacks may also resolve glyphs
forge,glyph_override,ars_nouveau:glyph_heal,HOLY,https://github.com/otectus/ars-n-spells/blob/2578bad5d820fc2de9f38c26c92833a0d977c441/src/main/java/com/otectus/arsnspells/util/SchoolMappings.java#L110,Static explicit map only; runtime metadata/heuristics/datapacks may also resolve glyphs
forge,glyph_override,ars_nouveau:glyph_light,HOLY,https://github.com/otectus/ars-n-spells/blob/2578bad5d820fc2de9f38c26c92833a0d977c441/src/main/java/com/otectus/arsnspells/util/SchoolMappings.java#L111,Static explicit map only; runtime metadata/heuristics/datapacks may also resolve glyphs
forge,glyph_override,ars_elemental:glyph_life_link,BLOOD,https://github.com/otectus/ars-n-spells/blob/2578bad5d820fc2de9f38c26c92833a0d977c441/src/main/java/com/otectus/arsnspells/util/SchoolMappings.java#L117,Static explicit map only; runtime metadata/heuristics/datapacks may also resolve glyphs
forge,glyph_override,ars_elemental:glyph_propagator_arc,GENERIC,https://github.com/otectus/ars-n-spells/blob/2578bad5d820fc2de9f38c26c92833a0d977c441/src/main/java/com/otectus/arsnspells/util/SchoolMappings.java#L119,Static explicit map only; runtime metadata/heuristics/datapacks may also resolve glyphs
forge,glyph_override,ars_elemental:glyph_propagator_homing,GENERIC,https://github.com/otectus/ars-n-spells/blob/2578bad5d820fc2de9f38c26c92833a0d977c441/src/main/java/com/otectus/arsnspells/util/SchoolMappings.java#L120,Static explicit map only; runtime metadata/heuristics/datapacks may also resolve glyphs
forge,glyph_override,ars_zero:conjure_arcane_shield_effect,HOLY,https://github.com/otectus/ars-n-spells/blob/2578bad5d820fc2de9f38c26c92833a0d977c441/src/main/java/com/otectus/arsnspells/util/SchoolMappings.java#L128,Static explicit map only; runtime metadata/heuristics/datapacks may also resolve glyphs
forge,glyph_override,ars_zero:anchor_effect,GENERIC,https://github.com/otectus/ars-n-spells/blob/2578bad5d820fc2de9f38c26c92833a0d977c441/src/main/java/com/otectus/arsnspells/util/SchoolMappings.java#L131,Static explicit map only; runtime metadata/heuristics/datapacks may also resolve glyphs
forge,glyph_override,ars_zero:select_effect,GENERIC,https://github.com/otectus/ars-n-spells/blob/2578bad5d820fc2de9f38c26c92833a0d977c441/src/main/java/com/otectus/arsnspells/util/SchoolMappings.java#L132,Static explicit map only; runtime metadata/heuristics/datapacks may also resolve glyphs
forge,glyph_override,ars_zero:sustain_effect,GENERIC,https://github.com/otectus/ars-n-spells/blob/2578bad5d820fc2de9f38c26c92833a0d977c441/src/main/java/com/otectus/arsnspells/util/SchoolMappings.java#L133,Static explicit map only; runtime metadata/heuristics/datapacks may also resolve glyphs
forge,glyph_override,ars_zero:discard_effect,GENERIC,https://github.com/otectus/ars-n-spells/blob/2578bad5d820fc2de9f38c26c92833a0d977c441/src/main/java/com/otectus/arsnspells/util/SchoolMappings.java#L134,Static explicit map only; runtime metadata/heuristics/datapacks may also resolve glyphs
forge,glyph_override,ars_zero:effect_convergence,GENERIC,https://github.com/otectus/ars-n-spells/blob/2578bad5d820fc2de9f38c26c92833a0d977c441/src/main/java/com/otectus/arsnspells/util/SchoolMappings.java#L135,Static explicit map only; runtime metadata/heuristics/datapacks may also resolve glyphs
forge,glyph_override,ars_zero:enlarge_effect,GENERIC,https://github.com/otectus/ars-n-spells/blob/2578bad5d820fc2de9f38c26c92833a0d977c441/src/main/java/com/otectus/arsnspells/util/SchoolMappings.java#L136,Static explicit map only; runtime metadata/heuristics/datapacks may also resolve glyphs
forge,ars_school_translation,fire,FIRE,https://github.com/otectus/ars-n-spells/blob/2578bad5d820fc2de9f38c26c92833a0d977c441/src/main/java/com/otectus/arsnspells/util/SchoolResolver.java#L74,Static explicit map only; runtime metadata/heuristics/datapacks may also resolve glyphs
forge,ars_school_translation,water,ICE,https://github.com/otectus/ars-n-spells/blob/2578bad5d820fc2de9f38c26c92833a0d977c441/src/main/java/com/otectus/arsnspells/util/SchoolResolver.java#L75,Static explicit map only; runtime metadata/heuristics/datapacks may also resolve glyphs
forge,ars_school_translation,air,LIGHTNING,https://github.com/otectus/ars-n-spells/blob/2578bad5d820fc2de9f38c26c92833a0d977c441/src/main/java/com/otectus/arsnspells/util/SchoolResolver.java#L76,Static explicit map only; runtime metadata/heuristics/datapacks may also resolve glyphs
forge,ars_school_translation,earth,NATURE,https://github.com/otectus/ars-n-spells/blob/2578bad5d820fc2de9f38c26c92833a0d977c441/src/main/java/com/otectus/arsnspells/util/SchoolResolver.java#L77,Static explicit map only; runtime metadata/heuristics/datapacks may also resolve glyphs
forge,ars_school_translation,abjuration,HOLY,https://github.com/otectus/ars-n-spells/blob/2578bad5d820fc2de9f38c26c92833a0d977c441/src/main/java/com/otectus/arsnspells/util/SchoolResolver.java#L78,Static explicit map only; runtime metadata/heuristics/datapacks may also resolve glyphs
forge,ars_school_translation,conjuration,EVOCATION,https://github.com/otectus/ars-n-spells/blob/2578bad5d820fc2de9f38c26c92833a0d977c441/src/main/java/com/otectus/arsnspells/util/SchoolResolver.java#L79,Static explicit map only; runtime metadata/heuristics/datapacks may also resolve glyphs
forge,ars_school_translation,manipulation,ENDER,https://github.com/otectus/ars-n-spells/blob/2578bad5d820fc2de9f38c26c92833a0d977c441/src/main/java/com/otectus/arsnspells/util/SchoolResolver.java#L80,Static explicit map only; runtime metadata/heuristics/datapacks may also resolve glyphs
forge,ars_school_translation,necromancy,ELDRITCH,https://github.com/otectus/ars-n-spells/blob/2578bad5d820fc2de9f38c26c92833a0d977c441/src/main/java/com/otectus/arsnspells/util/SchoolResolver.java#L81,Static explicit map only; runtime metadata/heuristics/datapacks may also resolve glyphs
neo,glyph_override,ars_nouveau:glyph_firework,GENERIC,https://github.com/otectus/ars-n-spells/blob/eb6d3af883b5386785e7e4d2793871f11f3830ce/src/main/java/com/otectus/arsnspells/util/SchoolMappings.java#L174,Static explicit map only; runtime metadata/heuristics/datapacks may also resolve glyphs
neo,glyph_override,ars_nouveau:glyph_lightning,LIGHTNING,https://github.com/otectus/ars-n-spells/blob/eb6d3af883b5386785e7e4d2793871f11f3830ce/src/main/java/com/otectus/arsnspells/util/SchoolMappings.java#L176,Static explicit map only; runtime metadata/heuristics/datapacks may also resolve glyphs
neo,glyph_override,ars_nouveau:glyph_blink,ENDER,https://github.com/otectus/ars-n-spells/blob/eb6d3af883b5386785e7e4d2793871f11f3830ce/src/main/java/com/otectus/arsnspells/util/SchoolMappings.java#L177,Static explicit map only; runtime metadata/heuristics/datapacks may also resolve glyphs
neo,glyph_override,ars_nouveau:glyph_ender_inventory,ENDER,https://github.com/otectus/ars-n-spells/blob/eb6d3af883b5386785e7e4d2793871f11f3830ce/src/main/java/com/otectus/arsnspells/util/SchoolMappings.java#L178,Static explicit map only; runtime metadata/heuristics/datapacks may also resolve glyphs
neo,glyph_override,ars_nouveau:glyph_wither,ELDRITCH,https://github.com/otectus/ars-n-spells/blob/eb6d3af883b5386785e7e4d2793871f11f3830ce/src/main/java/com/otectus/arsnspells/util/SchoolMappings.java#L179,Static explicit map only; runtime metadata/heuristics/datapacks may also resolve glyphs
neo,glyph_override,ars_nouveau:glyph_hex,ELDRITCH,https://github.com/otectus/ars-n-spells/blob/eb6d3af883b5386785e7e4d2793871f11f3830ce/src/main/java/com/otectus/arsnspells/util/SchoolMappings.java#L180,Static explicit map only; runtime metadata/heuristics/datapacks may also resolve glyphs
neo,glyph_override,ars_nouveau:glyph_fangs,EVOCATION,https://github.com/otectus/ars-n-spells/blob/eb6d3af883b5386785e7e4d2793871f11f3830ce/src/main/java/com/otectus/arsnspells/util/SchoolMappings.java#L181,Static explicit map only; runtime metadata/heuristics/datapacks may also resolve glyphs
neo,glyph_override,ars_nouveau:glyph_summon_undead,EVOCATION,https://github.com/otectus/ars-n-spells/blob/eb6d3af883b5386785e7e4d2793871f11f3830ce/src/main/java/com/otectus/arsnspells/util/SchoolMappings.java#L182,Static explicit map only; runtime metadata/heuristics/datapacks may also resolve glyphs
neo,glyph_override,ars_nouveau:glyph_heal,HOLY,https://github.com/otectus/ars-n-spells/blob/eb6d3af883b5386785e7e4d2793871f11f3830ce/src/main/java/com/otectus/arsnspells/util/SchoolMappings.java#L183,Static explicit map only; runtime metadata/heuristics/datapacks may also resolve glyphs
neo,glyph_override,ars_nouveau:glyph_light,HOLY,https://github.com/otectus/ars-n-spells/blob/eb6d3af883b5386785e7e4d2793871f11f3830ce/src/main/java/com/otectus/arsnspells/util/SchoolMappings.java#L184,Static explicit map only; runtime metadata/heuristics/datapacks may also resolve glyphs
neo,ars_school_translation,fire,FIRE,https://github.com/otectus/ars-n-spells/blob/eb6d3af883b5386785e7e4d2793871f11f3830ce/src/main/java/com/otectus/arsnspells/util/SchoolResolver.java#L75,Static explicit map only; runtime metadata/heuristics/datapacks may also resolve glyphs
neo,ars_school_translation,water,ICE,https://github.com/otectus/ars-n-spells/blob/eb6d3af883b5386785e7e4d2793871f11f3830ce/src/main/java/com/otectus/arsnspells/util/SchoolResolver.java#L76,Static explicit map only; runtime metadata/heuristics/datapacks may also resolve glyphs
neo,ars_school_translation,air,LIGHTNING,https://github.com/otectus/ars-n-spells/blob/eb6d3af883b5386785e7e4d2793871f11f3830ce/src/main/java/com/otectus/arsnspells/util/SchoolResolver.java#L77,Static explicit map only; runtime metadata/heuristics/datapacks may also resolve glyphs
neo,ars_school_translation,earth,NATURE,https://github.com/otectus/ars-n-spells/blob/eb6d3af883b5386785e7e4d2793871f11f3830ce/src/main/java/com/otectus/arsnspells/util/SchoolResolver.java#L78,Static explicit map only; runtime metadata/heuristics/datapacks may also resolve glyphs
neo,ars_school_translation,abjuration,HOLY,https://github.com/otectus/ars-n-spells/blob/eb6d3af883b5386785e7e4d2793871f11f3830ce/src/main/java/com/otectus/arsnspells/util/SchoolResolver.java#L79,Static explicit map only; runtime metadata/heuristics/datapacks may also resolve glyphs
neo,ars_school_translation,conjuration,EVOCATION,https://github.com/otectus/ars-n-spells/blob/eb6d3af883b5386785e7e4d2793871f11f3830ce/src/main/java/com/otectus/arsnspells/util/SchoolResolver.java#L80,Static explicit map only; runtime metadata/heuristics/datapacks may also resolve glyphs
neo,ars_school_translation,manipulation,ENDER,https://github.com/otectus/ars-n-spells/blob/eb6d3af883b5386785e7e4d2793871f11f3830ce/src/main/java/com/otectus/arsnspells/util/SchoolResolver.java#L81,Static explicit map only; runtime metadata/heuristics/datapacks may also resolve glyphs
