loader,path,width,height,sha256,license_status,disposition
forge,src/main/resources/assets/ars_n_spells/textures/block/spell_loom_bottom.png,16,16,18747b8292741791e4cba7a953bdbbb25bc8ed404dbf70ade7dbf81efb38bd88,Repository GPLv3; individual art provenance requires confirmation,Preserve existing resource path as legacy alias
forge,src/main/resources/assets/ars_n_spells/textures/block/spell_loom_side.png,16,16,a03c9e864c9617267a7cd7344e98582c4c033d809d885a09412aebdac4bcb1e5,Repository GPLv3; individual art provenance requires confirmation,Preserve existing resource path as legacy alias
forge,src/main/resources/assets/ars_n_spells/textures/block/spell_loom_top.png,16,16,619907ed032e66387c046a4a1793523dd8906ca66dfa5578b63fe49cce0ce19a,Repository GPLv3; individual art provenance requires confirmation,Preserve existing resource path as legacy alias
forge,src/main/resources/assets/ars_n_spells/textures/gui/icons/spell/ars_cross_default.png,16,16,50d911c8ebdf037c7dc6fb08ed668794f7b09d8fc1d8aa2bb966398f62d076e2,Repository GPLv3; individual art provenance requires confirmation,Preserve existing resource path as legacy alias
forge,src/main/resources/assets/ars_n_spells/textures/gui/icons/spell/icon_bolt.png,16,16,5dbe7559420a3cdce05357137be23bbb47e3b3c35470ec1f8ad3e3b42395a1fa,Repository GPLv3; individual art provenance requires confirmation,Preserve existing resource path as legacy alias
forge,src/main/resources/assets/ars_n_spells/textures/gui/icons/spell/icon_drop.png,16,16,67e493031ba77cd03197aaf10aef9cc660a7661985f05e7e78dd9ca9e7afbf6d,Repository GPLv3; individual art provenance requires confirmation,Preserve existing resource path as legacy alias
forge,src/main/resources/assets/ars_n_spells/textures/gui/icons/spell/icon_eye.png,16,16,53cbcda375fdabf85a79023f97de0a474ba0ee3dc27f562fb909c07e77528b8f,Repository GPLv3; individual art provenance requires confirmation,Preserve existing resource path as legacy alias
forge,src/main/resources/assets/ars_n_spells/textures/gui/icons/spell/icon_flame.png,16,16,3a6d5b215c4829a09d2918b0559b43e5be0829a1ba830826979ca45c6ca2481a,Repository GPLv3; individual art provenance requires confirmation,Preserve existing resource path as legacy alias
forge,src/main/resources/assets/ars_n_spells/textures/gui/icons/spell/icon_leaf.png,16,16,11abbe1d68757ea8a44db8c4cf71ce4f4184dfcb2e7f3e37ccfd3ac34bd87de4,Repository GPLv3; individual art provenance requires confirmation,Preserve existing resource path as legacy alias
forge,src/main/resources/assets/ars_n_spells/textures/gui/icons/spell/icon_moon.png,16,16,c051049e80884a1952096a267776803a1e648b49d834af9d619934df8acfc0b0,Repository GPLv3; individual art provenance requires confirmation,Preserve existing resource path as legacy alias
forge,src/main/resources/assets/ars_n_spells/textures/gui/icons/spell/icon_spark.png,16,16,2a31d84242895758a7268d87f7f330ca5b7f3c0067e653c631787eb3fd5a4002,Repository GPLv3; individual art provenance requires confirmation,Preserve existing resource path as legacy alias
forge,src/main/resources/assets/ars_n_spells/textures/gui/icons/spell/icon_star.png,16,16,68e517733a99cb9f6a290a6c921ebde6caf1e199b48ce73895b6e57dba077184,Repository GPLv3; individual art provenance requires confirmation,Preserve existing resource path as legacy alias
forge,src/main/resources/assets/ars_n_spells/textures/gui/icons/spell/nature_arcane.png,16,16,50d911c8ebdf037c7dc6fb08ed668794f7b09d8fc1d8aa2bb966398f62d076e2,Repository GPLv3; individual art provenance requires confirmation,Preserve existing resource path as legacy alias
forge,src/main/resources/assets/ars_n_spells/textures/gui/icons/spell/nature_blood.png,16,16,0a4495140e8fedfa3d290a419c594faf178f5af8f2a3d0b1a1679a41ae7f8c1b,Repository GPLv3; individual art provenance requires confirmation,Preserve existing resource path as legacy alias
forge,src/main/resources/assets/ars_n_spells/textures/gui/icons/spell/nature_ender.png,16,16,5529902cdbafa2a2666b996a3e943e5f547350c74921f4ffea4d1468dda05bec,Repository GPLv3; individual art provenance requires confirmation,Preserve existing resource path as legacy alias
forge,src/main/resources/assets/ars_n_spells/textures/gui/icons/spell/nature_fire.png,16,16,076d7c6a942cc7618d5f51748d798ede2bb1b249c6e7d660c418987f2b9fa1fc,Repository GPLv3; individual art provenance requires confirmation,Preserve existing resource path as legacy alias
forge,src/main/resources/assets/ars_n_spells/textures/gui/icons/spell/nature_holy.png,16,16,27434e6aeef4f77af44d7350856763b78285334c050cba97b77daf298795b646,Repository GPLv3; individual art provenance requires confirmation,Preserve existing resource path as legacy alias
forge,src/main/resources/assets/ars_n_spells/textures/gui/icons/spell/nature_ice.png,16,16,f48166092fb49a64d795d881cbd677240a28cc5d6111977b1d1a9af5b50b564e,Repository GPLv3; individual art provenance requires confirmation,Preserve existing resource path as legacy alias
forge,src/main/resources/assets/ars_n_spells/textures/gui/icons/spell/nature_lightning.png,16,16,012ed2e0001a96b74734cd73a1791d5cea0cdb86679b3a215b05cb2d956ed8cc,Repository GPLv3; individual art provenance requires confirmation,Preserve existing resource path as legacy alias
forge,src/main/resources/assets/ars_n_spells/textures/gui/icons/spell/nature_nature.png,16,16,59e544248a9386be2a6e7101382ac20d5dfdf8189a8dc23f4f3712eb723a4575,Repository GPLv3; individual art provenance requires confirmation,Preserve existing resource path as legacy alias
forge,src/main/resources/assets/ars_n_spells/textures/gui/spell_icons/ars_cross_1.png,16,16,50d911c8ebdf037c7dc6fb08ed668794f7b09d8fc1d8aa2bb966398f62d076e2,Repository GPLv3; individual art provenance requires confirmation,Preserve existing resource path as legacy alias
forge,src/main/resources/assets/ars_n_spells/textures/gui/spell_icons/ars_cross_2.png,16,16,50d911c8ebdf037c7dc6fb08ed668794f7b09d8fc1d8aa2bb966398f62d076e2,Repository GPLv3; individual art provenance requires confirmation,Preserve existing resource path as legacy alias
forge,src/main/resources/assets/ars_n_spells/textures/gui/spell_icons/ars_cross_3.png,16,16,50d911c8ebdf037c7dc6fb08ed668794f7b09d8fc1d8aa2bb966398f62d076e2,Repository GPLv3; individual art provenance requires confirmation,Preserve existing resource path as legacy alias
forge,src/main/resources/assets/ars_n_spells/textures/gui/spell_icons/ars_cross_4.png,16,16,50d911c8ebdf037c7dc6fb08ed668794f7b09d8fc1d8aa2bb966398f62d076e2,Repository GPLv3; individual art provenance requires confirmation,Preserve existing resource path as legacy alias
forge,src/main/resources/assets/ars_n_spells/textures/gui/spell_icons/ars_cross_5.png,16,16,50d911c8ebdf037c7dc6fb08ed668794f7b09d8fc1d8aa2bb966398f62d076e2,Repository GPLv3; individual art provenance requires confirmation,Preserve existing resource path as legacy alias
forge,src/main/resources/assets/ars_n_spells/textures/gui/spell_icons/ars_cross_6.png,16,16,50d911c8ebdf037c7dc6fb08ed668794f7b09d8fc1d8aa2bb966398f62d076e2,Repository GPLv3; individual art provenance requires confirmation,Preserve existing resource path as legacy alias
forge,src/main/resources/assets/ars_n_spells/textures/gui/spell_icons/ars_cross_7.png,16,16,50d911c8ebdf037c7dc6fb08ed668794f7b09d8fc1d8aa2bb966398f62d076e2,Repository GPLv3; individual art provenance requires confirmation,Preserve existing resource path as legacy alias
forge,src/main/resources/assets/ars_n_spells/textures/gui/spell_icons/ars_cross_8.png,16,16,50d911c8ebdf037c7dc6fb08ed668794f7b09d8fc1d8aa2bb966398f62d076e2,Repository GPLv3; individual art provenance requires confirmation,Preserve existing resource path as legacy alias
forge,src/main/resources/assets/ars_n_spells/textures/item/mana_infusion.png,16,16,59ab4bdc73e0ceefb60769935f0fa4062fcf85f1e89c740640cd725e73f4206c,Repository GPLv3; individual art provenance requires confirmation,Preserve existing resource path as legacy alias
forge,src/main/resources/assets/ars_n_spells/textures/item/mana_well.png,16,16,59d7950edc4e4b8d7a46e56c8c4814a8fc2bcfbc9f37ab16eda96a6ae5c80737,Repository GPLv3; individual art provenance requires confirmation,Preserve existing resource path as legacy alias
forge,src/main/resources/assets/ars_n_spells/textures/item/spell_transcription.png,16,16,91ff345305c5fce2a9002d505ba949d1c2101896322278f62ef2fb6e48a6b2c5,Repository GPLv3; individual art provenance requires confirmation,Preserve existing resource path as legacy alias
forge,src/main/resources/assets/ars_n_spells/textures/item/spell_uninscription.png,16,16,9b276efcd814f610a2b8505f3970e2ab4d7f2f5165c649ff480cca8c7976063c,Repository GPLv3; individual art provenance requires confirmation,Preserve existing resource path as legacy alias
forge,src/main/resources/assets/ars_n_spells/textures/item/spellbook_binding.png,16,16,cee19cfda925cb45fae5e0ba9d3299ee82627d9cc7c93600da074b3f9efaf048,Repository GPLv3; individual art provenance requires confirmation,Preserve existing resource path as legacy alias
neo,src/main/resources/assets/ars_n_spells/textures/block/spell_loom_bottom.png,16,16,18747b8292741791e4cba7a953bdbbb25bc8ed404dbf70ade7dbf81efb38bd88,Repository GPLv3; individual art provenance requires confirmation,Preserve existing resource path as legacy alias
neo,src/main/resources/assets/ars_n_spells/textures/block/spell_loom_side.png,16,16,a03c9e864c9617267a7cd7344e98582c4c033d809d885a09412aebdac4bcb1e5,Repository GPLv3; individual art provenance requires confirmation,Preserve existing resource path as legacy alias
neo,src/main/resources/assets/ars_n_spells/textures/block/spell_loom_top.png,16,16,619907ed032e66387c046a4a1793523dd8906ca66dfa5578b63fe49cce0ce19a,Repository GPLv3; individual art provenance requires confirmation,Preserve existing resource path as legacy alias
neo,src/main/resources/assets/ars_n_spells/textures/gui/icons/spell/ars_cross_default.png,16,16,50d911c8ebdf037c7dc6fb08ed668794f7b09d8fc1d8aa2bb966398f62d076e2,Repository GPLv3; individual art provenance requires confirmation,Preserve existing resource path as legacy alias
neo,src/main/resources/assets/ars_n_spells/textures/gui/icons/spell/icon_bolt.png,16,16,5dbe7559420a3cdce05357137be23bbb47e3b3c35470ec1f8ad3e3b42395a1fa,Repository GPLv3; individual art provenance requires confirmation,Preserve existing resource path as legacy alias
neo,src/main/resources/assets/ars_n_spells/textures/gui/icons/spell/icon_drop.png,16,16,67e493031ba77cd03197aaf10aef9cc660a7661985f05e7e78dd9ca9e7afbf6d,Repository GPLv3; individual art provenance requires confirmation,Preserve existing resource path as legacy alias
neo,src/main/resources/assets/ars_n_spells/textures/gui/icons/spell/icon_eye.png,16,16,53cbcda375fdabf85a79023f97de0a474ba0ee3dc27f562fb909c07e77528b8f,Repository GPLv3; individual art provenance requires confirmation,Preserve existing resource path as legacy alias
neo,src/main/resources/assets/ars_n_spells/textures/gui/icons/spell/icon_flame.png,16,16,3a6d5b215c4829a09d2918b0559b43e5be0829a1ba830826979ca45c6ca2481a,Repository GPLv3; individual art provenance requires confirmation,Preserve existing resource path as legacy alias
neo,src/main/resources/assets/ars_n_spells/textures/gui/icons/spell/icon_leaf.png,16,16,11abbe1d68757ea8a44db8c4cf71ce4f4184dfcb2e7f3e37ccfd3ac34bd87de4,Repository GPLv3; individual art provenance requires confirmation,Preserve existing resource path as legacy alias
neo,src/main/resources/assets/ars_n_spells/textures/gui/icons/spell/icon_moon.png,16,16,c051049e80884a1952096a267776803a1e648b49d834af9d619934df8acfc0b0,Repository GPLv3; individual art provenance requires confirmation,Preserve existing resource path as legacy alias
neo,src/main/resources/assets/ars_n_spells/textures/gui/icons/spell/icon_spark.png,16,16,2a31d84242895758a7268d87f7f330ca5b7f3c0067e653c631787eb3fd5a4002,Repository GPLv3; individual art provenance requires confirmation,Preserve existing resource path as legacy alias
neo,src/main/resources/assets/ars_n_spells/textures/gui/icons/spell/icon_star.png,16,16,68e517733a99cb9f6a290a6c921ebde6caf1e199b48ce73895b6e57dba077184,Repository GPLv3; individual art provenance requires confirmation,Preserve existing resource path as legacy alias
neo,src/main/resources/assets/ars_n_spells/textures/gui/icons/spell/nature_arcane.png,16,16,50d911c8ebdf037c7dc6fb08ed668794f7b09d8fc1d8aa2bb966398f62d076e2,Repository GPLv3; individual art provenance requires confirmation,Preserve existing resource path as legacy alias
neo,src/main/resources/assets/ars_n_spells/textures/gui/icons/spell/nature_blood.png,16,16,0a4495140e8fedfa3d290a419c594faf178f5af8f2a3d0b1a1679a41ae7f8c1b,Repository GPLv3; individual art provenance requires confirmation,Preserve existing resource path as legacy alias
neo,src/main/resources/assets/ars_n_spells/textures/gui/icons/spell/nature_ender.png,16,16,5529902cdbafa2a2666b996a3e943e5f547350c74921f4ffea4d1468dda05bec,Repository GPLv3; individual art provenance requires confirmation,Preserve existing resource path as legacy alias
neo,src/main/resources/assets/ars_n_spells/textures/gui/icons/spell/nature_fire.png,16,16,076d7c6a942cc7618d5f51748d798ede2bb1b249c6e7d660c418987f2b9fa1fc,Repository GPLv3; individual art provenance requires confirmation,Preserve existing resource path as legacy alias
neo,src/main/resources/assets/ars_n_spells/textures/gui/icons/spell/nature_holy.png,16,16,27434e6aeef4f77af44d7350856763b78285334c050cba97b77daf298795b646,Repository GPLv3; individual art provenance requires confirmation,Preserve existing resource path as legacy alias
neo,src/main/resources/assets/ars_n_spells/textures/gui/icons/spell/nature_ice.png,16,16,f48166092fb49a64d795d881cbd677240a28cc5d6111977b1d1a9af5b50b564e,Repository GPLv3; individual art provenance requires confirmation,Preserve existing resource path as legacy alias
neo,src/main/resources/assets/ars_n_spells/textures/gui/icons/spell/nature_lightning.png,16,16,012ed2e0001a96b74734cd73a1791d5cea0cdb86679b3a215b05cb2d956ed8cc,Repository GPLv3; individual art provenance requires confirmation,Preserve existing resource path as legacy alias
neo,src/main/resources/assets/ars_n_spells/textures/gui/icons/spell/nature_nature.png,16,16,59e544248a9386be2a6e7101382ac20d5dfdf8189a8dc23f4f3712eb723a4575,Repository GPLv3; individual art provenance requires confirmation,Preserve existing resource path as legacy alias
neo,src/main/resources/assets/ars_n_spells/textures/gui/spell_icons/ars_cross_1.png,16,16,50d911c8ebdf037c7dc6fb08ed668794f7b09d8fc1d8aa2bb966398f62d076e2,Repository GPLv3; individual art provenance requires confirmation,Preserve existing resource path as legacy alias
neo,src/main/resources/assets/ars_n_spells/textures/gui/spell_icons/ars_cross_2.png,16,16,50d911c8ebdf037c7dc6fb08ed668794f7b09d8fc1d8aa2bb966398f62d076e2,Repository GPLv3; individual art provenance requires confirmation,Preserve existing resource path as legacy alias
neo,src/main/resources/assets/ars_n_spells/textures/gui/spell_icons/ars_cross_3.png,16,16,50d911c8ebdf037c7dc6fb08ed668794f7b09d8fc1d8aa2bb966398f62d076e2,Repository GPLv3; individual art provenance requires confirmation,Preserve existing resource path as legacy alias
neo,src/main/resources/assets/ars_n_spells/textures/gui/spell_icons/ars_cross_4.png,16,16,50d911c8ebdf037c7dc6fb08ed668794f7b09d8fc1d8aa2bb966398f62d076e2,Repository GPLv3; individual art provenance requires confirmation,Preserve existing resource path as legacy alias
neo,src/main/resources/assets/ars_n_spells/textures/gui/spell_icons/ars_cross_5.png,16,16,50d911c8ebdf037c7dc6fb08ed668794f7b09d8fc1d8aa2bb966398f62d076e2,Repository GPLv3; individual art provenance requires confirmation,Preserve existing resource path as legacy alias
neo,src/main/resources/assets/ars_n_spells/textures/gui/spell_icons/ars_cross_6.png,16,16,50d911c8ebdf037c7dc6fb08ed668794f7b09d8fc1d8aa2bb966398f62d076e2,Repository GPLv3; individual art provenance requires confirmation,Preserve existing resource path as legacy alias
neo,src/main/resources/assets/ars_n_spells/textures/gui/spell_icons/ars_cross_7.png,16,16,50d911c8ebdf037c7dc6fb08ed668794f7b09d8fc1d8aa2bb966398f62d076e2,Repository GPLv3; individual art provenance requires confirmation,Preserve existing resource path as legacy alias
neo,src/main/resources/assets/ars_n_spells/textures/gui/spell_icons/ars_cross_8.png,16,16,50d911c8ebdf037c7dc6fb08ed668794f7b09d8fc1d8aa2bb966398f62d076e2,Repository GPLv3; individual art provenance requires confirmation,Preserve existing resource path as legacy alias
neo,src/main/resources/assets/ars_n_spells/textures/item/mana_infusion.png,16,16,59ab4bdc73e0ceefb60769935f0fa4062fcf85f1e89c740640cd725e73f4206c,Repository GPLv3; individual art provenance requires confirmation,Preserve existing resource path as legacy alias
neo,src/main/resources/assets/ars_n_spells/textures/item/mana_well.png,16,16,59d7950edc4e4b8d7a46e56c8c4814a8fc2bcfbc9f37ab16eda96a6ae5c80737,Repository GPLv3; individual art provenance requires confirmation,Preserve existing resource path as legacy alias
neo,src/main/resources/assets/ars_n_spells/textures/item/spell_transcription.png,16,16,91ff345305c5fce2a9002d505ba949d1c2101896322278f62ef2fb6e48a6b2c5,Repository GPLv3; individual art provenance requires confirmation,Preserve existing resource path as legacy alias
neo,src/main/resources/assets/ars_n_spells/textures/item/spell_uninscription.png,16,16,9b276efcd814f610a2b8505f3970e2ab4d7f2f5165c649ff480cca8c7976063c,Repository GPLv3; individual art provenance requires confirmation,Preserve existing resource path as legacy alias
neo,src/main/resources/assets/ars_n_spells/textures/item/spellbook_binding.png,16,16,cee19cfda925cb45fae5e0ba9d3299ee82627d9cc7c93600da074b3f9efaf048,Repository GPLv3; individual art provenance requires confirmation,Preserve existing resource path as legacy alias
