logical_id,resource_path,priority,fallback,accessible_label,uses
ars_n_spells:spell/projectile,assets/ars_n_spells/textures/gui/icons/v2/spell/projectile.png,P2,ars_n_spells:school/unknown,icon.ars_n_spells.spell.projectile,Loom picker; carrier tooltip; Iron's proxy wheel; guide
ars_n_spells:spell/beam,assets/ars_n_spells/textures/gui/icons/v2/spell/beam.png,P2,ars_n_spells:school/unknown,icon.ars_n_spells.spell.beam,Loom picker; carrier tooltip; Iron's proxy wheel; guide
ars_n_spells:spell/ray,assets/ars_n_spells/textures/gui/icons/v2/spell/ray.png,P2,ars_n_spells:school/unknown,icon.ars_n_spells.spell.ray,Loom picker; carrier tooltip; Iron's proxy wheel; guide
ars_n_spells:spell/burst,assets/ars_n_spells/textures/gui/icons/v2/spell/burst.png,P2,ars_n_spells:school/unknown,icon.ars_n_spells.spell.burst,Loom picker; carrier tooltip; Iron's proxy wheel; guide
ars_n_spells:spell/cone,assets/ars_n_spells/textures/gui/icons/v2/spell/cone.png,P2,ars_n_spells:school/unknown,icon.ars_n_spells.spell.cone,Loom picker; carrier tooltip; Iron's proxy wheel; guide
ars_n_spells:spell/nova,assets/ars_n_spells/textures/gui/icons/v2/spell/nova.png,P2,ars_n_spells:school/unknown,icon.ars_n_spells.spell.nova,Loom picker; carrier tooltip; Iron's proxy wheel; guide
ars_n_spells:spell/wall,assets/ars_n_spells/textures/gui/icons/v2/spell/wall.png,P2,ars_n_spells:school/unknown,icon.ars_n_spells.spell.wall,Loom picker; carrier tooltip; Iron's proxy wheel; guide
ars_n_spells:spell/ring,assets/ars_n_spells/textures/gui/icons/v2/spell/ring.png,P2,ars_n_spells:school/unknown,icon.ars_n_spells.spell.ring,Loom picker; carrier tooltip; Iron's proxy wheel; guide
ars_n_spells:spell/orbit,assets/ars_n_spells/textures/gui/icons/v2/spell/orbit.png,P2,ars_n_spells:school/unknown,icon.ars_n_spells.spell.orbit,Loom picker; carrier tooltip; Iron's proxy wheel; guide
ars_n_spells:spell/chain,assets/ars_n_spells/textures/gui/icons/v2/spell/chain.png,P2,ars_n_spells:school/unknown,icon.ars_n_spells.spell.chain,Loom picker; carrier tooltip; Iron's proxy wheel; guide
ars_n_spells:spell/trap,assets/ars_n_spells/textures/gui/icons/v2/spell/trap.png,P2,ars_n_spells:school/unknown,icon.ars_n_spells.spell.trap,Loom picker; carrier tooltip; Iron's proxy wheel; guide
ars_n_spells:spell/rune,assets/ars_n_spells/textures/gui/icons/v2/spell/rune.png,P2,ars_n_spells:school/unknown,icon.ars_n_spells.spell.rune,Loom picker; carrier tooltip; Iron's proxy wheel; guide
ars_n_spells:spell/missile,assets/ars_n_spells/textures/gui/icons/v2/spell/missile.png,P2,ars_n_spells:school/unknown,icon.ars_n_spells.spell.missile,Loom picker; carrier tooltip; Iron's proxy wheel; guide
ars_n_spells:spell/volley,assets/ars_n_spells/textures/gui/icons/v2/spell/volley.png,P2,ars_n_spells:school/unknown,icon.ars_n_spells.spell.volley,Loom picker; carrier tooltip; Iron's proxy wheel; guide
ars_n_spells:spell/rain,assets/ars_n_spells/textures/gui/icons/v2/spell/rain.png,P2,ars_n_spells:school/unknown,icon.ars_n_spells.spell.rain,Loom picker; carrier tooltip; Iron's proxy wheel; guide
ars_n_spells:spell/meteor,assets/ars_n_spells/textures/gui/icons/v2/spell/meteor.png,P2,ars_n_spells:school/unknown,icon.ars_n_spells.spell.meteor,Loom picker; carrier tooltip; Iron's proxy wheel; guide
ars_n_spells:spell/shard,assets/ars_n_spells/textures/gui/icons/v2/spell/shard.png,P2,ars_n_spells:school/unknown,icon.ars_n_spells.spell.shard,Loom picker; carrier tooltip; Iron's proxy wheel; guide
ars_n_spells:spell/lance,assets/ars_n_spells/textures/gui/icons/v2/spell/lance.png,P2,ars_n_spells:school/unknown,icon.ars_n_spells.spell.lance,Loom picker; carrier tooltip; Iron's proxy wheel; guide
ars_n_spells:spell/wave,assets/ars_n_spells/textures/gui/icons/v2/spell/wave.png,P2,ars_n_spells:school/unknown,icon.ars_n_spells.spell.wave,Loom picker; carrier tooltip; Iron's proxy wheel; guide
ars_n_spells:spell/pulse,assets/ars_n_spells/textures/gui/icons/v2/spell/pulse.png,P2,ars_n_spells:school/unknown,icon.ars_n_spells.spell.pulse,Loom picker; carrier tooltip; Iron's proxy wheel; guide
ars_n_spells:spell/fireball,assets/ars_n_spells/textures/gui/icons/v2/spell/fireball.png,P2,ars_n_spells:school/unknown,icon.ars_n_spells.spell.fireball,Loom picker; carrier tooltip; Iron's proxy wheel; guide
ars_n_spells:spell/flame_jet,assets/ars_n_spells/textures/gui/icons/v2/spell/flame_jet.png,P2,ars_n_spells:school/unknown,icon.ars_n_spells.spell.flame_jet,Loom picker; carrier tooltip; Iron's proxy wheel; guide
ars_n_spells:spell/ignite,assets/ars_n_spells/textures/gui/icons/v2/spell/ignite.png,P2,ars_n_spells:school/unknown,icon.ars_n_spells.spell.ignite,Loom picker; carrier tooltip; Iron's proxy wheel; guide
ars_n_spells:spell/combustion,assets/ars_n_spells/textures/gui/icons/v2/spell/combustion.png,P2,ars_n_spells:school/unknown,icon.ars_n_spells.spell.combustion,Loom picker; carrier tooltip; Iron's proxy wheel; guide
ars_n_spells:spell/frost_bolt,assets/ars_n_spells/textures/gui/icons/v2/spell/frost_bolt.png,P2,ars_n_spells:school/unknown,icon.ars_n_spells.spell.frost_bolt,Loom picker; carrier tooltip; Iron's proxy wheel; guide
ars_n_spells:spell/freeze,assets/ars_n_spells/textures/gui/icons/v2/spell/freeze.png,P2,ars_n_spells:school/unknown,icon.ars_n_spells.spell.freeze,Loom picker; carrier tooltip; Iron's proxy wheel; guide
ars_n_spells:spell/blizzard,assets/ars_n_spells/textures/gui/icons/v2/spell/blizzard.png,P2,ars_n_spells:school/unknown,icon.ars_n_spells.spell.blizzard,Loom picker; carrier tooltip; Iron's proxy wheel; guide
ars_n_spells:spell/hail,assets/ars_n_spells/textures/gui/icons/v2/spell/hail.png,P2,ars_n_spells:school/unknown,icon.ars_n_spells.spell.hail,Loom picker; carrier tooltip; Iron's proxy wheel; guide
ars_n_spells:spell/lightning_bolt,assets/ars_n_spells/textures/gui/icons/v2/spell/lightning_bolt.png,P2,ars_n_spells:school/unknown,icon.ars_n_spells.spell.lightning_bolt,Loom picker; carrier tooltip; Iron's proxy wheel; guide
ars_n_spells:spell/thunderstorm,assets/ars_n_spells/textures/gui/icons/v2/spell/thunderstorm.png,P2,ars_n_spells:school/unknown,icon.ars_n_spells.spell.thunderstorm,Loom picker; carrier tooltip; Iron's proxy wheel; guide
ars_n_spells:spell/shock_chain,assets/ars_n_spells/textures/gui/icons/v2/spell/shock_chain.png,P2,ars_n_spells:school/unknown,icon.ars_n_spells.spell.shock_chain,Loom picker; carrier tooltip; Iron's proxy wheel; guide
ars_n_spells:spell/static_field,assets/ars_n_spells/textures/gui/icons/v2/spell/static_field.png,P2,ars_n_spells:school/unknown,icon.ars_n_spells.spell.static_field,Loom picker; carrier tooltip; Iron's proxy wheel; guide
ars_n_spells:spell/poison_cloud,assets/ars_n_spells/textures/gui/icons/v2/spell/poison_cloud.png,P2,ars_n_spells:school/unknown,icon.ars_n_spells.spell.poison_cloud,Loom picker; carrier tooltip; Iron's proxy wheel; guide
ars_n_spells:spell/toxic_spore,assets/ars_n_spells/textures/gui/icons/v2/spell/toxic_spore.png,P2,ars_n_spells:school/unknown,icon.ars_n_spells.spell.toxic_spore,Loom picker; carrier tooltip; Iron's proxy wheel; guide
ars_n_spells:spell/vine_grasp,assets/ars_n_spells/textures/gui/icons/v2/spell/vine_grasp.png,P2,ars_n_spells:school/unknown,icon.ars_n_spells.spell.vine_grasp,Loom picker; carrier tooltip; Iron's proxy wheel; guide
ars_n_spells:spell/thorn_burst,assets/ars_n_spells/textures/gui/icons/v2/spell/thorn_burst.png,P2,ars_n_spells:school/unknown,icon.ars_n_spells.spell.thorn_burst,Loom picker; carrier tooltip; Iron's proxy wheel; guide
ars_n_spells:spell/root_snare,assets/ars_n_spells/textures/gui/icons/v2/spell/root_snare.png,P2,ars_n_spells:school/unknown,icon.ars_n_spells.spell.root_snare,Loom picker; carrier tooltip; Iron's proxy wheel; guide
ars_n_spells:spell/earthquake,assets/ars_n_spells/textures/gui/icons/v2/spell/earthquake.png,P2,ars_n_spells:school/unknown,icon.ars_n_spells.spell.earthquake,Loom picker; carrier tooltip; Iron's proxy wheel; guide
ars_n_spells:spell/stone_spike,assets/ars_n_spells/textures/gui/icons/v2/spell/stone_spike.png,P2,ars_n_spells:school/unknown,icon.ars_n_spells.spell.stone_spike,Loom picker; carrier tooltip; Iron's proxy wheel; guide
ars_n_spells:spell/sand_blast,assets/ars_n_spells/textures/gui/icons/v2/spell/sand_blast.png,P2,ars_n_spells:school/unknown,icon.ars_n_spells.spell.sand_blast,Loom picker; carrier tooltip; Iron's proxy wheel; guide
ars_n_spells:spell/heal,assets/ars_n_spells/textures/gui/icons/v2/spell/heal.png,P2,ars_n_spells:school/unknown,icon.ars_n_spells.spell.heal,Loom picker; carrier tooltip; Iron's proxy wheel; guide
ars_n_spells:spell/cleanse,assets/ars_n_spells/textures/gui/icons/v2/spell/cleanse.png,P2,ars_n_spells:school/unknown,icon.ars_n_spells.spell.cleanse,Loom picker; carrier tooltip; Iron's proxy wheel; guide
ars_n_spells:spell/regenerate,assets/ars_n_spells/textures/gui/icons/v2/spell/regenerate.png,P2,ars_n_spells:school/unknown,icon.ars_n_spells.spell.regenerate,Loom picker; carrier tooltip; Iron's proxy wheel; guide
ars_n_spells:spell/sanctuary,assets/ars_n_spells/textures/gui/icons/v2/spell/sanctuary.png,P2,ars_n_spells:school/unknown,icon.ars_n_spells.spell.sanctuary,Loom picker; carrier tooltip; Iron's proxy wheel; guide
ars_n_spells:spell/ward,assets/ars_n_spells/textures/gui/icons/v2/spell/ward.png,P2,ars_n_spells:school/unknown,icon.ars_n_spells.spell.ward,Loom picker; carrier tooltip; Iron's proxy wheel; guide
ars_n_spells:spell/barrier,assets/ars_n_spells/textures/gui/icons/v2/spell/barrier.png,P2,ars_n_spells:school/unknown,icon.ars_n_spells.spell.barrier,Loom picker; carrier tooltip; Iron's proxy wheel; guide
ars_n_spells:spell/reflect,assets/ars_n_spells/textures/gui/icons/v2/spell/reflect.png,P2,ars_n_spells:school/unknown,icon.ars_n_spells.spell.reflect,Loom picker; carrier tooltip; Iron's proxy wheel; guide
ars_n_spells:spell/absorb,assets/ars_n_spells/textures/gui/icons/v2/spell/absorb.png,P2,ars_n_spells:school/unknown,icon.ars_n_spells.spell.absorb,Loom picker; carrier tooltip; Iron's proxy wheel; guide
ars_n_spells:spell/blood_lance,assets/ars_n_spells/textures/gui/icons/v2/spell/blood_lance.png,P2,ars_n_spells:school/unknown,icon.ars_n_spells.spell.blood_lance,Loom picker; carrier tooltip; Iron's proxy wheel; guide
ars_n_spells:spell/drain_life,assets/ars_n_spells/textures/gui/icons/v2/spell/drain_life.png,P2,ars_n_spells:school/unknown,icon.ars_n_spells.spell.drain_life,Loom picker; carrier tooltip; Iron's proxy wheel; guide
ars_n_spells:spell/sacrifice,assets/ars_n_spells/textures/gui/icons/v2/spell/sacrifice.png,P2,ars_n_spells:school/unknown,icon.ars_n_spells.spell.sacrifice,Loom picker; carrier tooltip; Iron's proxy wheel; guide
ars_n_spells:spell/blood_pact,assets/ars_n_spells/textures/gui/icons/v2/spell/blood_pact.png,P2,ars_n_spells:school/unknown,icon.ars_n_spells.spell.blood_pact,Loom picker; carrier tooltip; Iron's proxy wheel; guide
ars_n_spells:spell/wither,assets/ars_n_spells/textures/gui/icons/v2/spell/wither.png,P2,ars_n_spells:school/unknown,icon.ars_n_spells.spell.wither,Loom picker; carrier tooltip; Iron's proxy wheel; guide
ars_n_spells:spell/curse,assets/ars_n_spells/textures/gui/icons/v2/spell/curse.png,P2,ars_n_spells:school/unknown,icon.ars_n_spells.spell.curse,Loom picker; carrier tooltip; Iron's proxy wheel; guide
ars_n_spells:spell/hex,assets/ars_n_spells/textures/gui/icons/v2/spell/hex.png,P2,ars_n_spells:school/unknown,icon.ars_n_spells.spell.hex,Loom picker; carrier tooltip; Iron's proxy wheel; guide
ars_n_spells:spell/terror,assets/ars_n_spells/textures/gui/icons/v2/spell/terror.png,P2,ars_n_spells:school/unknown,icon.ars_n_spells.spell.terror,Loom picker; carrier tooltip; Iron's proxy wheel; guide
ars_n_spells:spell/blink,assets/ars_n_spells/textures/gui/icons/v2/spell/blink.png,P2,ars_n_spells:school/unknown,icon.ars_n_spells.spell.blink,Loom picker; carrier tooltip; Iron's proxy wheel; guide
ars_n_spells:spell/teleport,assets/ars_n_spells/textures/gui/icons/v2/spell/teleport.png,P2,ars_n_spells:school/unknown,icon.ars_n_spells.spell.teleport,Loom picker; carrier tooltip; Iron's proxy wheel; guide
ars_n_spells:spell/portal,assets/ars_n_spells/textures/gui/icons/v2/spell/portal.png,P2,ars_n_spells:school/unknown,icon.ars_n_spells.spell.portal,Loom picker; carrier tooltip; Iron's proxy wheel; guide
ars_n_spells:spell/recall,assets/ars_n_spells/textures/gui/icons/v2/spell/recall.png,P2,ars_n_spells:school/unknown,icon.ars_n_spells.spell.recall,Loom picker; carrier tooltip; Iron's proxy wheel; guide
ars_n_spells:spell/phase,assets/ars_n_spells/textures/gui/icons/v2/spell/phase.png,P2,ars_n_spells:school/unknown,icon.ars_n_spells.spell.phase,Loom picker; carrier tooltip; Iron's proxy wheel; guide
ars_n_spells:spell/gravity_pull,assets/ars_n_spells/textures/gui/icons/v2/spell/gravity_pull.png,P2,ars_n_spells:school/unknown,icon.ars_n_spells.spell.gravity_pull,Loom picker; carrier tooltip; Iron's proxy wheel; guide
ars_n_spells:spell/gravity_push,assets/ars_n_spells/textures/gui/icons/v2/spell/gravity_push.png,P2,ars_n_spells:school/unknown,icon.ars_n_spells.spell.gravity_push,Loom picker; carrier tooltip; Iron's proxy wheel; guide
ars_n_spells:spell/levitate,assets/ars_n_spells/textures/gui/icons/v2/spell/levitate.png,P2,ars_n_spells:school/unknown,icon.ars_n_spells.spell.levitate,Loom picker; carrier tooltip; Iron's proxy wheel; guide
ars_n_spells:spell/flight,assets/ars_n_spells/textures/gui/icons/v2/spell/flight.png,P2,ars_n_spells:school/unknown,icon.ars_n_spells.spell.flight,Loom picker; carrier tooltip; Iron's proxy wheel; guide
ars_n_spells:spell/dash,assets/ars_n_spells/textures/gui/icons/v2/spell/dash.png,P2,ars_n_spells:school/unknown,icon.ars_n_spells.spell.dash,Loom picker; carrier tooltip; Iron's proxy wheel; guide
ars_n_spells:spell/leap,assets/ars_n_spells/textures/gui/icons/v2/spell/leap.png,P2,ars_n_spells:school/unknown,icon.ars_n_spells.spell.leap,Loom picker; carrier tooltip; Iron's proxy wheel; guide
ars_n_spells:spell/slow,assets/ars_n_spells/textures/gui/icons/v2/spell/slow.png,P2,ars_n_spells:school/unknown,icon.ars_n_spells.spell.slow,Loom picker; carrier tooltip; Iron's proxy wheel; guide
ars_n_spells:spell/haste,assets/ars_n_spells/textures/gui/icons/v2/spell/haste.png,P2,ars_n_spells:school/unknown,icon.ars_n_spells.spell.haste,Loom picker; carrier tooltip; Iron's proxy wheel; guide
ars_n_spells:spell/summon_familiar,assets/ars_n_spells/textures/gui/icons/v2/spell/summon_familiar.png,P2,ars_n_spells:school/unknown,icon.ars_n_spells.spell.summon_familiar,Loom picker; carrier tooltip; Iron's proxy wheel; guide
ars_n_spells:spell/summon_guardian,assets/ars_n_spells/textures/gui/icons/v2/spell/summon_guardian.png,P2,ars_n_spells:school/unknown,icon.ars_n_spells.spell.summon_guardian,Loom picker; carrier tooltip; Iron's proxy wheel; guide
ars_n_spells:spell/summon_undead,assets/ars_n_spells/textures/gui/icons/v2/spell/summon_undead.png,P2,ars_n_spells:school/unknown,icon.ars_n_spells.spell.summon_undead,Loom picker; carrier tooltip; Iron's proxy wheel; guide
ars_n_spells:spell/summon_weapon,assets/ars_n_spells/textures/gui/icons/v2/spell/summon_weapon.png,P2,ars_n_spells:school/unknown,icon.ars_n_spells.spell.summon_weapon,Loom picker; carrier tooltip; Iron's proxy wheel; guide
ars_n_spells:spell/command_minion,assets/ars_n_spells/textures/gui/icons/v2/spell/command_minion.png,P2,ars_n_spells:school/unknown,icon.ars_n_spells.spell.command_minion,Loom picker; carrier tooltip; Iron's proxy wheel; guide
ars_n_spells:spell/banish,assets/ars_n_spells/textures/gui/icons/v2/spell/banish.png,P2,ars_n_spells:school/unknown,icon.ars_n_spells.spell.banish,Loom picker; carrier tooltip; Iron's proxy wheel; guide
ars_n_spells:spell/light,assets/ars_n_spells/textures/gui/icons/v2/spell/light.png,P2,ars_n_spells:school/unknown,icon.ars_n_spells.spell.light,Loom picker; carrier tooltip; Iron's proxy wheel; guide
ars_n_spells:spell/reveal,assets/ars_n_spells/textures/gui/icons/v2/spell/reveal.png,P2,ars_n_spells:school/unknown,icon.ars_n_spells.spell.reveal,Loom picker; carrier tooltip; Iron's proxy wheel; guide
ars_n_spells:spell/detect,assets/ars_n_spells/textures/gui/icons/v2/spell/detect.png,P2,ars_n_spells:school/unknown,icon.ars_n_spells.spell.detect,Loom picker; carrier tooltip; Iron's proxy wheel; guide
ars_n_spells:spell/invisibility,assets/ars_n_spells/textures/gui/icons/v2/spell/invisibility.png,P2,ars_n_spells:school/unknown,icon.ars_n_spells.spell.invisibility,Loom picker; carrier tooltip; Iron's proxy wheel; guide
ars_n_spells:spell/silence,assets/ars_n_spells/textures/gui/icons/v2/spell/silence.png,P2,ars_n_spells:school/unknown,icon.ars_n_spells.spell.silence,Loom picker; carrier tooltip; Iron's proxy wheel; guide
ars_n_spells:spell/dispel,assets/ars_n_spells/textures/gui/icons/v2/spell/dispel.png,P2,ars_n_spells:school/unknown,icon.ars_n_spells.spell.dispel,Loom picker; carrier tooltip; Iron's proxy wheel; guide
ars_n_spells:spell/counterspell,assets/ars_n_spells/textures/gui/icons/v2/spell/counterspell.png,P2,ars_n_spells:school/unknown,icon.ars_n_spells.spell.counterspell,Loom picker; carrier tooltip; Iron's proxy wheel; guide
ars_n_spells:spell/break_block,assets/ars_n_spells/textures/gui/icons/v2/spell/break_block.png,P2,ars_n_spells:school/unknown,icon.ars_n_spells.spell.break_block,Loom picker; carrier tooltip; Iron's proxy wheel; guide
ars_n_spells:spell/place_block,assets/ars_n_spells/textures/gui/icons/v2/spell/place_block.png,P2,ars_n_spells:school/unknown,icon.ars_n_spells.spell.place_block,Loom picker; carrier tooltip; Iron's proxy wheel; guide
ars_n_spells:spell/harvest,assets/ars_n_spells/textures/gui/icons/v2/spell/harvest.png,P2,ars_n_spells:school/unknown,icon.ars_n_spells.spell.harvest,Loom picker; carrier tooltip; Iron's proxy wheel; guide
ars_n_spells:spell/grow,assets/ars_n_spells/textures/gui/icons/v2/spell/grow.png,P2,ars_n_spells:school/unknown,icon.ars_n_spells.spell.grow,Loom picker; carrier tooltip; Iron's proxy wheel; guide
ars_n_spells:spell/smelt,assets/ars_n_spells/textures/gui/icons/v2/spell/smelt.png,P2,ars_n_spells:school/unknown,icon.ars_n_spells.spell.smelt,Loom picker; carrier tooltip; Iron's proxy wheel; guide
ars_n_spells:spell/cut,assets/ars_n_spells/textures/gui/icons/v2/spell/cut.png,P2,ars_n_spells:school/unknown,icon.ars_n_spells.spell.cut,Loom picker; carrier tooltip; Iron's proxy wheel; guide
ars_n_spells:spell/extract,assets/ars_n_spells/textures/gui/icons/v2/spell/extract.png,P2,ars_n_spells:school/unknown,icon.ars_n_spells.spell.extract,Loom picker; carrier tooltip; Iron's proxy wheel; guide
ars_n_spells:spell/exchange,assets/ars_n_spells/textures/gui/icons/v2/spell/exchange.png,P2,ars_n_spells:school/unknown,icon.ars_n_spells.spell.exchange,Loom picker; carrier tooltip; Iron's proxy wheel; guide
ars_n_spells:spell/transmute,assets/ars_n_spells/textures/gui/icons/v2/spell/transmute.png,P2,ars_n_spells:school/unknown,icon.ars_n_spells.spell.transmute,Loom picker; carrier tooltip; Iron's proxy wheel; guide
ars_n_spells:spell/collect,assets/ars_n_spells/textures/gui/icons/v2/spell/collect.png,P2,ars_n_spells:school/unknown,icon.ars_n_spells.spell.collect,Loom picker; carrier tooltip; Iron's proxy wheel; guide
ars_n_spells:spell/interact,assets/ars_n_spells/textures/gui/icons/v2/spell/interact.png,P2,ars_n_spells:school/unknown,icon.ars_n_spells.spell.interact,Loom picker; carrier tooltip; Iron's proxy wheel; guide
ars_n_spells:spell/carry,assets/ars_n_spells/textures/gui/icons/v2/spell/carry.png,P2,ars_n_spells:school/unknown,icon.ars_n_spells.spell.carry,Loom picker; carrier tooltip; Iron's proxy wheel; guide
ars_n_spells:spell/craft,assets/ars_n_spells/textures/gui/icons/v2/spell/craft.png,P2,ars_n_spells:school/unknown,icon.ars_n_spells.spell.craft,Loom picker; carrier tooltip; Iron's proxy wheel; guide
ars_n_spells:spell/mana_transfer,assets/ars_n_spells/textures/gui/icons/v2/spell/mana_transfer.png,P2,ars_n_spells:school/unknown,icon.ars_n_spells.spell.mana_transfer,Loom picker; carrier tooltip; Iron's proxy wheel; guide
ars_n_spells:spell/mana_drain,assets/ars_n_spells/textures/gui/icons/v2/spell/mana_drain.png,P2,ars_n_spells:school/unknown,icon.ars_n_spells.spell.mana_drain,Loom picker; carrier tooltip; Iron's proxy wheel; guide
ars_n_spells:spell/mana_restore,assets/ars_n_spells/textures/gui/icons/v2/spell/mana_restore.png,P2,ars_n_spells:school/unknown,icon.ars_n_spells.spell.mana_restore,Loom picker; carrier tooltip; Iron's proxy wheel; guide
ars_n_spells:spell/source_transfer,assets/ars_n_spells/textures/gui/icons/v2/spell/source_transfer.png,P2,ars_n_spells:school/unknown,icon.ars_n_spells.spell.source_transfer,Loom picker; carrier tooltip; Iron's proxy wheel; guide
ars_n_spells:spell/lifelink,assets/ars_n_spells/textures/gui/icons/v2/spell/lifelink.png,P2,ars_n_spells:school/unknown,icon.ars_n_spells.spell.lifelink,Loom picker; carrier tooltip; Iron's proxy wheel; guide
ars_n_spells:spell/phantom_grasp,assets/ars_n_spells/textures/gui/icons/v2/spell/phantom_grasp.png,P2,ars_n_spells:school/unknown,icon.ars_n_spells.spell.phantom_grasp,Loom picker; carrier tooltip; Iron's proxy wheel; guide
ars_n_spells:spell/charm,assets/ars_n_spells/textures/gui/icons/v2/spell/charm.png,P2,ars_n_spells:school/unknown,icon.ars_n_spells.spell.charm,Loom picker; carrier tooltip; Iron's proxy wheel; guide
ars_n_spells:spell/time_delay,assets/ars_n_spells/textures/gui/icons/v2/spell/time_delay.png,P2,ars_n_spells:school/unknown,icon.ars_n_spells.spell.time_delay,Loom picker; carrier tooltip; Iron's proxy wheel; guide
ars_n_spells:spell/contingency,assets/ars_n_spells/textures/gui/icons/v2/spell/contingency.png,P2,ars_n_spells:school/unknown,icon.ars_n_spells.spell.contingency,Loom picker; carrier tooltip; Iron's proxy wheel; guide
ars_n_spells:spell/split,assets/ars_n_spells/textures/gui/icons/v2/spell/split.png,P2,ars_n_spells:school/unknown,icon.ars_n_spells.spell.split,Loom picker; carrier tooltip; Iron's proxy wheel; guide
ars_n_spells:spell/amplify,assets/ars_n_spells/textures/gui/icons/v2/spell/amplify.png,P2,ars_n_spells:school/unknown,icon.ars_n_spells.spell.amplify,Loom picker; carrier tooltip; Iron's proxy wheel; guide
ars_n_spells:spell/dampen,assets/ars_n_spells/textures/gui/icons/v2/spell/dampen.png,P2,ars_n_spells:school/unknown,icon.ars_n_spells.spell.dampen,Loom picker; carrier tooltip; Iron's proxy wheel; guide
ars_n_spells:spell/extend,assets/ars_n_spells/textures/gui/icons/v2/spell/extend.png,P2,ars_n_spells:school/unknown,icon.ars_n_spells.spell.extend,Loom picker; carrier tooltip; Iron's proxy wheel; guide
ars_n_spells:spell/area_expand,assets/ars_n_spells/textures/gui/icons/v2/spell/area_expand.png,P2,ars_n_spells:school/unknown,icon.ars_n_spells.spell.area_expand,Loom picker; carrier tooltip; Iron's proxy wheel; guide
ars_n_spells:school/fire,assets/ars_n_spells/textures/gui/icons/v2/school/fire.png,P1,ars_n_spells:school/unknown,icon.ars_n_spells.school.fire,School badges; damage explanation; affinity and progression panels
ars_n_spells:school/ice,assets/ars_n_spells/textures/gui/icons/v2/school/ice.png,P1,ars_n_spells:school/unknown,icon.ars_n_spells.school.ice,School badges; damage explanation; affinity and progression panels
ars_n_spells:school/lightning,assets/ars_n_spells/textures/gui/icons/v2/school/lightning.png,P1,ars_n_spells:school/unknown,icon.ars_n_spells.school.lightning,School badges; damage explanation; affinity and progression panels
ars_n_spells:school/nature,assets/ars_n_spells/textures/gui/icons/v2/school/nature.png,P1,ars_n_spells:school/unknown,icon.ars_n_spells.school.nature,School badges; damage explanation; affinity and progression panels
ars_n_spells:school/holy,assets/ars_n_spells/textures/gui/icons/v2/school/holy.png,P1,ars_n_spells:school/unknown,icon.ars_n_spells.school.holy,School badges; damage explanation; affinity and progression panels
ars_n_spells:school/blood,assets/ars_n_spells/textures/gui/icons/v2/school/blood.png,P1,ars_n_spells:school/unknown,icon.ars_n_spells.school.blood,School badges; damage explanation; affinity and progression panels
ars_n_spells:school/ender,assets/ars_n_spells/textures/gui/icons/v2/school/ender.png,P1,ars_n_spells:school/unknown,icon.ars_n_spells.school.ender,School badges; damage explanation; affinity and progression panels
ars_n_spells:school/evocation,assets/ars_n_spells/textures/gui/icons/v2/school/evocation.png,P1,ars_n_spells:school/unknown,icon.ars_n_spells.school.evocation,School badges; damage explanation; affinity and progression panels
ars_n_spells:school/eldritch,assets/ars_n_spells/textures/gui/icons/v2/school/eldritch.png,P1,ars_n_spells:school/unknown,icon.ars_n_spells.school.eldritch,School badges; damage explanation; affinity and progression panels
ars_n_spells:school/generic,assets/ars_n_spells/textures/gui/icons/v2/school/generic.png,P1,ars_n_spells:school/unknown,icon.ars_n_spells.school.generic,School badges; damage explanation; affinity and progression panels
ars_n_spells:school/unknown,assets/ars_n_spells/textures/gui/icons/v2/school/unknown.png,P1,ars_n_spells:ui/help,icon.ars_n_spells.school.unknown,School badges; damage explanation; affinity and progression panels
ars_n_spells:element/air,assets/ars_n_spells/textures/gui/icons/v2/element/air.png,P2,ars_n_spells:school/unknown,icon.ars_n_spells.element.air,Ars analysis; mapping inspector; optional add-on guide
ars_n_spells:element/earth,assets/ars_n_spells/textures/gui/icons/v2/element/earth.png,P2,ars_n_spells:school/unknown,icon.ars_n_spells.element.earth,Ars analysis; mapping inspector; optional add-on guide
ars_n_spells:element/water,assets/ars_n_spells/textures/gui/icons/v2/element/water.png,P2,ars_n_spells:school/unknown,icon.ars_n_spells.element.water,Ars analysis; mapping inspector; optional add-on guide
ars_n_spells:element/fire,assets/ars_n_spells/textures/gui/icons/v2/element/fire.png,P2,ars_n_spells:school/unknown,icon.ars_n_spells.element.fire,Ars analysis; mapping inspector; optional add-on guide
ars_n_spells:element/manipulation,assets/ars_n_spells/textures/gui/icons/v2/element/manipulation.png,P2,ars_n_spells:school/unknown,icon.ars_n_spells.element.manipulation,Ars analysis; mapping inspector; optional add-on guide
ars_n_spells:element/conjuration,assets/ars_n_spells/textures/gui/icons/v2/element/conjuration.png,P2,ars_n_spells:school/unknown,icon.ars_n_spells.element.conjuration,Ars analysis; mapping inspector; optional add-on guide
ars_n_spells:element/abjuration,assets/ars_n_spells/textures/gui/icons/v2/element/abjuration.png,P2,ars_n_spells:school/unknown,icon.ars_n_spells.element.abjuration,Ars analysis; mapping inspector; optional add-on guide
ars_n_spells:element/necromancy,assets/ars_n_spells/textures/gui/icons/v2/element/necromancy.png,P2,ars_n_spells:school/unknown,icon.ars_n_spells.element.necromancy,Ars analysis; mapping inspector; optional add-on guide
ars_n_spells:element/arcane,assets/ars_n_spells/textures/gui/icons/v2/element/arcane.png,P2,ars_n_spells:school/unknown,icon.ars_n_spells.element.arcane,Ars analysis; mapping inspector; optional add-on guide
ars_n_spells:element/light,assets/ars_n_spells/textures/gui/icons/v2/element/light.png,P2,ars_n_spells:school/unknown,icon.ars_n_spells.element.light,Ars analysis; mapping inspector; optional add-on guide
ars_n_spells:element/shadow,assets/ars_n_spells/textures/gui/icons/v2/element/shadow.png,P2,ars_n_spells:school/unknown,icon.ars_n_spells.element.shadow,Ars analysis; mapping inspector; optional add-on guide
ars_n_spells:element/void,assets/ars_n_spells/textures/gui/icons/v2/element/void.png,P2,ars_n_spells:school/unknown,icon.ars_n_spells.element.void,Ars analysis; mapping inspector; optional add-on guide
ars_n_spells:element/time,assets/ars_n_spells/textures/gui/icons/v2/element/time.png,P2,ars_n_spells:school/unknown,icon.ars_n_spells.element.time,Ars analysis; mapping inspector; optional add-on guide
ars_n_spells:element/force,assets/ars_n_spells/textures/gui/icons/v2/element/force.png,P2,ars_n_spells:school/unknown,icon.ars_n_spells.element.force,Ars analysis; mapping inspector; optional add-on guide
ars_n_spells:element/poison,assets/ars_n_spells/textures/gui/icons/v2/element/poison.png,P2,ars_n_spells:school/unknown,icon.ars_n_spells.element.poison,Ars analysis; mapping inspector; optional add-on guide
ars_n_spells:element/frost,assets/ars_n_spells/textures/gui/icons/v2/element/frost.png,P2,ars_n_spells:school/unknown,icon.ars_n_spells.element.frost,Ars analysis; mapping inspector; optional add-on guide
ars_n_spells:status/resonance_ready,assets/ars_n_spells/textures/gui/icons/v2/status/resonance_ready.png,P2,ars_n_spells:ui/help,icon.ars_n_spells.status.resonance_ready,ANS HUD and tooltips; status explanation; no implied effect registration
ars_n_spells:status/resonance_lingering,assets/ars_n_spells/textures/gui/icons/v2/status/resonance_lingering.png,P2,ars_n_spells:ui/help,icon.ars_n_spells.status.resonance_lingering,ANS HUD and tooltips; status explanation; no implied effect registration
ars_n_spells:status/resonance_depleted,assets/ars_n_spells/textures/gui/icons/v2/status/resonance_depleted.png,P2,ars_n_spells:ui/help,icon.ars_n_spells.status.resonance_depleted,ANS HUD and tooltips; status explanation; no implied effect registration
ars_n_spells:status/affinity_gain,assets/ars_n_spells/textures/gui/icons/v2/status/affinity_gain.png,P2,ars_n_spells:ui/help,icon.ars_n_spells.status.affinity_gain,ANS HUD and tooltips; status explanation; no implied effect registration
ars_n_spells:status/affinity_decay,assets/ars_n_spells/textures/gui/icons/v2/status/affinity_decay.png,P2,ars_n_spells:ui/help,icon.ars_n_spells.status.affinity_decay,ANS HUD and tooltips; status explanation; no implied effect registration
ars_n_spells:status/progression_gain,assets/ars_n_spells/textures/gui/icons/v2/status/progression_gain.png,P2,ars_n_spells:ui/help,icon.ars_n_spells.status.progression_gain,ANS HUD and tooltips; status explanation; no implied effect registration
ars_n_spells:status/mastery,assets/ars_n_spells/textures/gui/icons/v2/status/mastery.png,P2,ars_n_spells:ui/help,icon.ars_n_spells.status.mastery,ANS HUD and tooltips; status explanation; no implied effect registration
ars_n_spells:status/mana_boost,assets/ars_n_spells/textures/gui/icons/v2/status/mana_boost.png,P2,ars_n_spells:ui/help,icon.ars_n_spells.status.mana_boost,ANS HUD and tooltips; status explanation; no implied effect registration
ars_n_spells:status/mana_regen,assets/ars_n_spells/textures/gui/icons/v2/status/mana_regen.png,P2,ars_n_spells:ui/help,icon.ars_n_spells.status.mana_regen,ANS HUD and tooltips; status explanation; no implied effect registration
ars_n_spells:status/source_proximity,assets/ars_n_spells/textures/gui/icons/v2/status/source_proximity.png,P2,ars_n_spells:ui/help,icon.ars_n_spells.status.source_proximity,ANS HUD and tooltips; status explanation; no implied effect registration
ars_n_spells:status/source_empty,assets/ars_n_spells/textures/gui/icons/v2/status/source_empty.png,P2,ars_n_spells:ui/help,icon.ars_n_spells.status.source_empty,ANS HUD and tooltips; status explanation; no implied effect registration
ars_n_spells:status/cooldown_shared,assets/ars_n_spells/textures/gui/icons/v2/status/cooldown_shared.png,P2,ars_n_spells:ui/help,icon.ars_n_spells.status.cooldown_shared,ANS HUD and tooltips; status explanation; no implied effect registration
ars_n_spells:status/cooldown_personal,assets/ars_n_spells/textures/gui/icons/v2/status/cooldown_personal.png,P2,ars_n_spells:ui/help,icon.ars_n_spells.status.cooldown_personal,ANS HUD and tooltips; status explanation; no implied effect registration
ars_n_spells:status/silenced,assets/ars_n_spells/textures/gui/icons/v2/status/silenced.png,P2,ars_n_spells:ui/help,icon.ars_n_spells.status.silenced,ANS HUD and tooltips; status explanation; no implied effect registration
ars_n_spells:status/interrupted,assets/ars_n_spells/textures/gui/icons/v2/status/interrupted.png,P2,ars_n_spells:ui/help,icon.ars_n_spells.status.interrupted,ANS HUD and tooltips; status explanation; no implied effect registration
ars_n_spells:status/cast_pending,assets/ars_n_spells/textures/gui/icons/v2/status/cast_pending.png,P2,ars_n_spells:ui/help,icon.ars_n_spells.status.cast_pending,ANS HUD and tooltips; status explanation; no implied effect registration
ars_n_spells:status/cast_failed,assets/ars_n_spells/textures/gui/icons/v2/status/cast_failed.png,P2,ars_n_spells:ui/help,icon.ars_n_spells.status.cast_failed,ANS HUD and tooltips; status explanation; no implied effect registration
ars_n_spells:status/spell_bound,assets/ars_n_spells/textures/gui/icons/v2/status/spell_bound.png,P2,ars_n_spells:ui/help,icon.ars_n_spells.status.spell_bound,ANS HUD and tooltips; status explanation; no implied effect registration
ars_n_spells:status/spell_unbound,assets/ars_n_spells/textures/gui/icons/v2/status/spell_unbound.png,P2,ars_n_spells:ui/help,icon.ars_n_spells.status.spell_unbound,ANS HUD and tooltips; status explanation; no implied effect registration
ars_n_spells:status/spell_missing,assets/ars_n_spells/textures/gui/icons/v2/status/spell_missing.png,P2,ars_n_spells:ui/help,icon.ars_n_spells.status.spell_missing,ANS HUD and tooltips; status explanation; no implied effect registration
ars_n_spells:status/spell_blacklisted,assets/ars_n_spells/textures/gui/icons/v2/status/spell_blacklisted.png,P2,ars_n_spells:ui/help,icon.ars_n_spells.status.spell_blacklisted,ANS HUD and tooltips; status explanation; no implied effect registration
ars_n_spells:status/insufficient_mana,assets/ars_n_spells/textures/gui/icons/v2/status/insufficient_mana.png,P2,ars_n_spells:ui/help,icon.ars_n_spells.status.insufficient_mana,ANS HUD and tooltips; status explanation; no implied effect registration
ars_n_spells:status/insufficient_lp,assets/ars_n_spells/textures/gui/icons/v2/status/insufficient_lp.png,P2,ars_n_spells:ui/help,icon.ars_n_spells.status.insufficient_lp,ANS HUD and tooltips; status explanation; no implied effect registration
ars_n_spells:status/insufficient_aura,assets/ars_n_spells/textures/gui/icons/v2/status/insufficient_aura.png,P2,ars_n_spells:ui/help,icon.ars_n_spells.status.insufficient_aura,ANS HUD and tooltips; status explanation; no implied effect registration
ars_n_spells:status/overdrawn,assets/ars_n_spells/textures/gui/icons/v2/status/overdrawn.png,P2,ars_n_spells:ui/help,icon.ars_n_spells.status.overdrawn,ANS HUD and tooltips; status explanation; no implied effect registration
ars_n_spells:compat/available,assets/ars_n_spells/textures/gui/icons/v2/compat/available.png,P1,ars_n_spells:ui/help,icon.ars_n_spells.compat.available,Compatibility panel; tooltips; admin diagnostics; guide
ars_n_spells:compat/absent,assets/ars_n_spells/textures/gui/icons/v2/compat/absent.png,P1,ars_n_spells:ui/help,icon.ars_n_spells.compat.absent,Compatibility panel; tooltips; admin diagnostics; guide
ars_n_spells:compat/degraded,assets/ars_n_spells/textures/gui/icons/v2/compat/degraded.png,P1,ars_n_spells:ui/help,icon.ars_n_spells.compat.degraded,Compatibility panel; tooltips; admin diagnostics; guide
ars_n_spells:compat/disabled,assets/ars_n_spells/textures/gui/icons/v2/compat/disabled.png,P1,ars_n_spells:ui/help,icon.ars_n_spells.compat.disabled,Compatibility panel; tooltips; admin diagnostics; guide
ars_n_spells:compat/unsupported,assets/ars_n_spells/textures/gui/icons/v2/compat/unsupported.png,P1,ars_n_spells:ui/help,icon.ars_n_spells.compat.unsupported,Compatibility panel; tooltips; admin diagnostics; guide
ars_n_spells:compat/untested,assets/ars_n_spells/textures/gui/icons/v2/compat/untested.png,P1,ars_n_spells:ui/help,icon.ars_n_spells.compat.untested,Compatibility panel; tooltips; admin diagnostics; guide
ars_n_spells:compat/mismatch,assets/ars_n_spells/textures/gui/icons/v2/compat/mismatch.png,P1,ars_n_spells:ui/help,icon.ars_n_spells.compat.mismatch,Compatibility panel; tooltips; admin diagnostics; guide
ars_n_spells:compat/synchronized,assets/ars_n_spells/textures/gui/icons/v2/compat/synchronized.png,P1,ars_n_spells:ui/help,icon.ars_n_spells.compat.synchronized,Compatibility panel; tooltips; admin diagnostics; guide
ars_n_spells:compat/desynchronized,assets/ars_n_spells/textures/gui/icons/v2/compat/desynchronized.png,P1,ars_n_spells:ui/help,icon.ars_n_spells.compat.desynchronized,Compatibility panel; tooltips; admin diagnostics; guide
ars_n_spells:compat/optional,assets/ars_n_spells/textures/gui/icons/v2/compat/optional.png,P1,ars_n_spells:ui/help,icon.ars_n_spells.compat.optional,Compatibility panel; tooltips; admin diagnostics; guide
ars_n_spells:compat/required,assets/ars_n_spells/textures/gui/icons/v2/compat/required.png,P1,ars_n_spells:ui/help,icon.ars_n_spells.compat.required,Compatibility panel; tooltips; admin diagnostics; guide
ars_n_spells:compat/server_only,assets/ars_n_spells/textures/gui/icons/v2/compat/server_only.png,P1,ars_n_spells:ui/help,icon.ars_n_spells.compat.server_only,Compatibility panel; tooltips; admin diagnostics; guide
ars_n_spells:compat/client_only,assets/ars_n_spells/textures/gui/icons/v2/compat/client_only.png,P1,ars_n_spells:ui/help,icon.ars_n_spells.compat.client_only,Compatibility panel; tooltips; admin diagnostics; guide
ars_n_spells:compat/api_verified,assets/ars_n_spells/textures/gui/icons/v2/compat/api_verified.png,P1,ars_n_spells:ui/help,icon.ars_n_spells.compat.api_verified,Compatibility panel; tooltips; admin diagnostics; guide
ars_n_spells:compat/runtime_verified,assets/ars_n_spells/textures/gui/icons/v2/compat/runtime_verified.png,P1,ars_n_spells:ui/help,icon.ars_n_spells.compat.runtime_verified,Compatibility panel; tooltips; admin diagnostics; guide
ars_n_spells:compat/resource_missing,assets/ars_n_spells/textures/gui/icons/v2/compat/resource_missing.png,P1,ars_n_spells:ui/help,icon.ars_n_spells.compat.resource_missing,Compatibility panel; tooltips; admin diagnostics; guide
ars_n_spells:compat/data_migrated,assets/ars_n_spells/textures/gui/icons/v2/compat/data_migrated.png,P1,ars_n_spells:ui/help,icon.ars_n_spells.compat.data_migrated,Compatibility panel; tooltips; admin diagnostics; guide
ars_n_spells:compat/migration_needed,assets/ars_n_spells/textures/gui/icons/v2/compat/migration_needed.png,P1,ars_n_spells:ui/help,icon.ars_n_spells.compat.migration_needed,Compatibility panel; tooltips; admin diagnostics; guide
ars_n_spells:compat/conflict,assets/ars_n_spells/textures/gui/icons/v2/compat/conflict.png,P1,ars_n_spells:ui/help,icon.ars_n_spells.compat.conflict,Compatibility panel; tooltips; admin diagnostics; guide
ars_n_spells:compat/fallback,assets/ars_n_spells/textures/gui/icons/v2/compat/fallback.png,P1,ars_n_spells:ui/help,icon.ars_n_spells.compat.fallback,Compatibility panel; tooltips; admin diagnostics; guide
ars_n_spells:compat/addon_unknown,assets/ars_n_spells/textures/gui/icons/v2/compat/addon_unknown.png,P1,ars_n_spells:ui/help,icon.ars_n_spells.compat.addon_unknown,Compatibility panel; tooltips; admin diagnostics; guide
ars_n_spells:ui/inscribe,assets/ars_n_spells/textures/gui/icons/v2/ui/inscribe.png,P1,ars_n_spells:ui/help,icon.ars_n_spells.ui.inscribe,Loom; settings; guide; diagnostics; accessible controls
ars_n_spells:ui/bind,assets/ars_n_spells/textures/gui/icons/v2/ui/bind.png,P1,ars_n_spells:ui/help,icon.ars_n_spells.ui.bind,Loom; settings; guide; diagnostics; accessible controls
ars_n_spells:ui/unbind,assets/ars_n_spells/textures/gui/icons/v2/ui/unbind.png,P1,ars_n_spells:ui/help,icon.ars_n_spells.ui.unbind,Loom; settings; guide; diagnostics; accessible controls
ars_n_spells:ui/transcribe,assets/ars_n_spells/textures/gui/icons/v2/ui/transcribe.png,P1,ars_n_spells:ui/help,icon.ars_n_spells.ui.transcribe,Loom; settings; guide; diagnostics; accessible controls
ars_n_spells:ui/erase,assets/ars_n_spells/textures/gui/icons/v2/ui/erase.png,P1,ars_n_spells:ui/help,icon.ars_n_spells.ui.erase,Loom; settings; guide; diagnostics; accessible controls
ars_n_spells:ui/copy,assets/ars_n_spells/textures/gui/icons/v2/ui/copy.png,P1,ars_n_spells:ui/help,icon.ars_n_spells.ui.copy,Loom; settings; guide; diagnostics; accessible controls
ars_n_spells:ui/paste,assets/ars_n_spells/textures/gui/icons/v2/ui/paste.png,P1,ars_n_spells:ui/help,icon.ars_n_spells.ui.paste,Loom; settings; guide; diagnostics; accessible controls
ars_n_spells:ui/preview,assets/ars_n_spells/textures/gui/icons/v2/ui/preview.png,P1,ars_n_spells:ui/help,icon.ars_n_spells.ui.preview,Loom; settings; guide; diagnostics; accessible controls
ars_n_spells:ui/confirm,assets/ars_n_spells/textures/gui/icons/v2/ui/confirm.png,P1,ars_n_spells:ui/help,icon.ars_n_spells.ui.confirm,Loom; settings; guide; diagnostics; accessible controls
ars_n_spells:ui/cancel,assets/ars_n_spells/textures/gui/icons/v2/ui/cancel.png,P1,ars_n_spells:ui/help,icon.ars_n_spells.ui.cancel,Loom; settings; guide; diagnostics; accessible controls
ars_n_spells:ui/close,assets/ars_n_spells/textures/gui/icons/v2/ui/close.png,P1,ars_n_spells:ui/help,icon.ars_n_spells.ui.close,Loom; settings; guide; diagnostics; accessible controls
ars_n_spells:ui/back,assets/ars_n_spells/textures/gui/icons/v2/ui/back.png,P1,ars_n_spells:ui/help,icon.ars_n_spells.ui.back,Loom; settings; guide; diagnostics; accessible controls
ars_n_spells:ui/forward,assets/ars_n_spells/textures/gui/icons/v2/ui/forward.png,P1,ars_n_spells:ui/help,icon.ars_n_spells.ui.forward,Loom; settings; guide; diagnostics; accessible controls
ars_n_spells:ui/up,assets/ars_n_spells/textures/gui/icons/v2/ui/up.png,P1,ars_n_spells:ui/help,icon.ars_n_spells.ui.up,Loom; settings; guide; diagnostics; accessible controls
ars_n_spells:ui/down,assets/ars_n_spells/textures/gui/icons/v2/ui/down.png,P1,ars_n_spells:ui/help,icon.ars_n_spells.ui.down,Loom; settings; guide; diagnostics; accessible controls
ars_n_spells:ui/expand,assets/ars_n_spells/textures/gui/icons/v2/ui/expand.png,P1,ars_n_spells:ui/help,icon.ars_n_spells.ui.expand,Loom; settings; guide; diagnostics; accessible controls
ars_n_spells:ui/collapse,assets/ars_n_spells/textures/gui/icons/v2/ui/collapse.png,P1,ars_n_spells:ui/help,icon.ars_n_spells.ui.collapse,Loom; settings; guide; diagnostics; accessible controls
ars_n_spells:ui/search,assets/ars_n_spells/textures/gui/icons/v2/ui/search.png,P1,ars_n_spells:ui/help,icon.ars_n_spells.ui.search,Loom; settings; guide; diagnostics; accessible controls
ars_n_spells:ui/filter,assets/ars_n_spells/textures/gui/icons/v2/ui/filter.png,P1,ars_n_spells:ui/help,icon.ars_n_spells.ui.filter,Loom; settings; guide; diagnostics; accessible controls
ars_n_spells:ui/sort,assets/ars_n_spells/textures/gui/icons/v2/ui/sort.png,P1,ars_n_spells:ui/help,icon.ars_n_spells.ui.sort,Loom; settings; guide; diagnostics; accessible controls
ars_n_spells:ui/grid,assets/ars_n_spells/textures/gui/icons/v2/ui/grid.png,P1,ars_n_spells:ui/help,icon.ars_n_spells.ui.grid,Loom; settings; guide; diagnostics; accessible controls
ars_n_spells:ui/list,assets/ars_n_spells/textures/gui/icons/v2/ui/list.png,P1,ars_n_spells:ui/help,icon.ars_n_spells.ui.list,Loom; settings; guide; diagnostics; accessible controls
ars_n_spells:ui/favorite,assets/ars_n_spells/textures/gui/icons/v2/ui/favorite.png,P1,ars_n_spells:ui/help,icon.ars_n_spells.ui.favorite,Loom; settings; guide; diagnostics; accessible controls
ars_n_spells:ui/unfavorite,assets/ars_n_spells/textures/gui/icons/v2/ui/unfavorite.png,P1,ars_n_spells:ui/help,icon.ars_n_spells.ui.unfavorite,Loom; settings; guide; diagnostics; accessible controls
ars_n_spells:ui/lock,assets/ars_n_spells/textures/gui/icons/v2/ui/lock.png,P1,ars_n_spells:ui/help,icon.ars_n_spells.ui.lock,Loom; settings; guide; diagnostics; accessible controls
ars_n_spells:ui/unlock,assets/ars_n_spells/textures/gui/icons/v2/ui/unlock.png,P1,ars_n_spells:ui/help,icon.ars_n_spells.ui.unlock,Loom; settings; guide; diagnostics; accessible controls
ars_n_spells:ui/info,assets/ars_n_spells/textures/gui/icons/v2/ui/info.png,P1,ars_n_spells:ui/help,icon.ars_n_spells.ui.info,Loom; settings; guide; diagnostics; accessible controls
ars_n_spells:ui/help,assets/ars_n_spells/textures/gui/icons/v2/ui/help.png,P1,builtin:missing_icon,icon.ars_n_spells.ui.help,Loom; settings; guide; diagnostics; accessible controls
ars_n_spells:ui/warning,assets/ars_n_spells/textures/gui/icons/v2/ui/warning.png,P1,ars_n_spells:ui/help,icon.ars_n_spells.ui.warning,Loom; settings; guide; diagnostics; accessible controls
ars_n_spells:ui/error,assets/ars_n_spells/textures/gui/icons/v2/ui/error.png,P1,ars_n_spells:ui/help,icon.ars_n_spells.ui.error,Loom; settings; guide; diagnostics; accessible controls
ars_n_spells:ui/success,assets/ars_n_spells/textures/gui/icons/v2/ui/success.png,P1,ars_n_spells:ui/help,icon.ars_n_spells.ui.success,Loom; settings; guide; diagnostics; accessible controls
ars_n_spells:ui/settings,assets/ars_n_spells/textures/gui/icons/v2/ui/settings.png,P1,ars_n_spells:ui/help,icon.ars_n_spells.ui.settings,Loom; settings; guide; diagnostics; accessible controls
ars_n_spells:ui/reset,assets/ars_n_spells/textures/gui/icons/v2/ui/reset.png,P1,ars_n_spells:ui/help,icon.ars_n_spells.ui.reset,Loom; settings; guide; diagnostics; accessible controls
ars_n_spells:ui/refresh,assets/ars_n_spells/textures/gui/icons/v2/ui/refresh.png,P1,ars_n_spells:ui/help,icon.ars_n_spells.ui.refresh,Loom; settings; guide; diagnostics; accessible controls
ars_n_spells:ui/reload,assets/ars_n_spells/textures/gui/icons/v2/ui/reload.png,P1,ars_n_spells:ui/help,icon.ars_n_spells.ui.reload,Loom; settings; guide; diagnostics; accessible controls
ars_n_spells:ui/import,assets/ars_n_spells/textures/gui/icons/v2/ui/import.png,P1,ars_n_spells:ui/help,icon.ars_n_spells.ui.import,Loom; settings; guide; diagnostics; accessible controls
ars_n_spells:ui/export,assets/ars_n_spells/textures/gui/icons/v2/ui/export.png,P1,ars_n_spells:ui/help,icon.ars_n_spells.ui.export,Loom; settings; guide; diagnostics; accessible controls
ars_n_spells:ui/inspect,assets/ars_n_spells/textures/gui/icons/v2/ui/inspect.png,P1,ars_n_spells:ui/help,icon.ars_n_spells.ui.inspect,Loom; settings; guide; diagnostics; accessible controls
ars_n_spells:ui/compare,assets/ars_n_spells/textures/gui/icons/v2/ui/compare.png,P1,ars_n_spells:ui/help,icon.ars_n_spells.ui.compare,Loom; settings; guide; diagnostics; accessible controls
ars_n_spells:ui/link,assets/ars_n_spells/textures/gui/icons/v2/ui/link.png,P1,ars_n_spells:ui/help,icon.ars_n_spells.ui.link,Loom; settings; guide; diagnostics; accessible controls
ars_n_spells:ui/unlink,assets/ars_n_spells/textures/gui/icons/v2/ui/unlink.png,P1,ars_n_spells:ui/help,icon.ars_n_spells.ui.unlink,Loom; settings; guide; diagnostics; accessible controls
ars_n_spells:ui/swap,assets/ars_n_spells/textures/gui/icons/v2/ui/swap.png,P1,ars_n_spells:ui/help,icon.ars_n_spells.ui.swap,Loom; settings; guide; diagnostics; accessible controls
ars_n_spells:ui/next_spell,assets/ars_n_spells/textures/gui/icons/v2/ui/next_spell.png,P1,ars_n_spells:ui/help,icon.ars_n_spells.ui.next_spell,Loom; settings; guide; diagnostics; accessible controls
ars_n_spells:ui/previous_spell,assets/ars_n_spells/textures/gui/icons/v2/ui/previous_spell.png,P1,ars_n_spells:ui/help,icon.ars_n_spells.ui.previous_spell,Loom; settings; guide; diagnostics; accessible controls
ars_n_spells:ui/hand_main,assets/ars_n_spells/textures/gui/icons/v2/ui/hand_main.png,P1,ars_n_spells:ui/help,icon.ars_n_spells.ui.hand_main,Loom; settings; guide; diagnostics; accessible controls
ars_n_spells:ui/hand_off,assets/ars_n_spells/textures/gui/icons/v2/ui/hand_off.png,P1,ars_n_spells:ui/help,icon.ars_n_spells.ui.hand_off,Loom; settings; guide; diagnostics; accessible controls
ars_n_spells:ui/mouse_right,assets/ars_n_spells/textures/gui/icons/v2/ui/mouse_right.png,P1,ars_n_spells:ui/help,icon.ars_n_spells.ui.mouse_right,Loom; settings; guide; diagnostics; accessible controls
ars_n_spells:ui/keyboard,assets/ars_n_spells/textures/gui/icons/v2/ui/keyboard.png,P1,ars_n_spells:ui/help,icon.ars_n_spells.ui.keyboard,Loom; settings; guide; diagnostics; accessible controls
ars_n_spells:ui/gamepad,assets/ars_n_spells/textures/gui/icons/v2/ui/gamepad.png,P1,ars_n_spells:ui/help,icon.ars_n_spells.ui.gamepad,Loom; settings; guide; diagnostics; accessible controls
ars_n_spells:ui/inventory,assets/ars_n_spells/textures/gui/icons/v2/ui/inventory.png,P1,ars_n_spells:ui/help,icon.ars_n_spells.ui.inventory,Loom; settings; guide; diagnostics; accessible controls
ars_n_spells:ui/output,assets/ars_n_spells/textures/gui/icons/v2/ui/output.png,P1,ars_n_spells:ui/help,icon.ars_n_spells.ui.output,Loom; settings; guide; diagnostics; accessible controls
ars_n_spells:resource/mana_ars,assets/ars_n_spells/textures/gui/icons/v2/resource/mana_ars.png,P1,ars_n_spells:ui/help,icon.ars_n_spells.resource.mana_ars,Cost quote; HUD; ritual preview; balance inspector
ars_n_spells:resource/mana_irons,assets/ars_n_spells/textures/gui/icons/v2/resource/mana_irons.png,P1,ars_n_spells:ui/help,icon.ars_n_spells.resource.mana_irons,Cost quote; HUD; ritual preview; balance inspector
ars_n_spells:resource/mana_shared,assets/ars_n_spells/textures/gui/icons/v2/resource/mana_shared.png,P1,ars_n_spells:ui/help,icon.ars_n_spells.resource.mana_shared,Cost quote; HUD; ritual preview; balance inspector
ars_n_spells:resource/mana_split,assets/ars_n_spells/textures/gui/icons/v2/resource/mana_split.png,P1,ars_n_spells:ui/help,icon.ars_n_spells.resource.mana_split,Cost quote; HUD; ritual preview; balance inspector
ars_n_spells:resource/lp,assets/ars_n_spells/textures/gui/icons/v2/resource/lp.png,P1,ars_n_spells:ui/help,icon.ars_n_spells.resource.lp,Cost quote; HUD; ritual preview; balance inspector
ars_n_spells:resource/aura,assets/ars_n_spells/textures/gui/icons/v2/resource/aura.png,P1,ars_n_spells:ui/help,icon.ars_n_spells.resource.aura,Cost quote; HUD; ritual preview; balance inspector
ars_n_spells:resource/source,assets/ars_n_spells/textures/gui/icons/v2/resource/source.png,P1,ars_n_spells:ui/help,icon.ars_n_spells.resource.source,Cost quote; HUD; ritual preview; balance inspector
ars_n_spells:resource/mana_cost,assets/ars_n_spells/textures/gui/icons/v2/resource/mana_cost.png,P1,ars_n_spells:ui/help,icon.ars_n_spells.resource.mana_cost,Cost quote; HUD; ritual preview; balance inspector
ars_n_spells:resource/mana_refund,assets/ars_n_spells/textures/gui/icons/v2/resource/mana_refund.png,P1,ars_n_spells:ui/help,icon.ars_n_spells.resource.mana_refund,Cost quote; HUD; ritual preview; balance inspector
ars_n_spells:resource/mana_reserve,assets/ars_n_spells/textures/gui/icons/v2/resource/mana_reserve.png,P1,ars_n_spells:ui/help,icon.ars_n_spells.resource.mana_reserve,Cost quote; HUD; ritual preview; balance inspector
ars_n_spells:resource/mana_capacity,assets/ars_n_spells/textures/gui/icons/v2/resource/mana_capacity.png,P1,ars_n_spells:ui/help,icon.ars_n_spells.resource.mana_capacity,Cost quote; HUD; ritual preview; balance inspector
ars_n_spells:resource/mana_regeneration,assets/ars_n_spells/textures/gui/icons/v2/resource/mana_regeneration.png,P1,ars_n_spells:ui/help,icon.ars_n_spells.resource.mana_regeneration,Cost quote; HUD; ritual preview; balance inspector
ars_n_spells:resource/conversion,assets/ars_n_spells/textures/gui/icons/v2/resource/conversion.png,P1,ars_n_spells:ui/help,icon.ars_n_spells.resource.conversion,Cost quote; HUD; ritual preview; balance inspector
ars_n_spells:resource/efficiency,assets/ars_n_spells/textures/gui/icons/v2/resource/efficiency.png,P1,ars_n_spells:ui/help,icon.ars_n_spells.resource.efficiency,Cost quote; HUD; ritual preview; balance inspector
ars_n_spells:resource/power,assets/ars_n_spells/textures/gui/icons/v2/resource/power.png,P1,ars_n_spells:ui/help,icon.ars_n_spells.resource.power,Cost quote; HUD; ritual preview; balance inspector
ars_n_spells:resource/resistance,assets/ars_n_spells/textures/gui/icons/v2/resource/resistance.png,P1,ars_n_spells:ui/help,icon.ars_n_spells.resource.resistance,Cost quote; HUD; ritual preview; balance inspector
ars_n_spells:resource/health,assets/ars_n_spells/textures/gui/icons/v2/resource/health.png,P1,ars_n_spells:ui/help,icon.ars_n_spells.resource.health,Cost quote; HUD; ritual preview; balance inspector
ars_n_spells:resource/cooldown,assets/ars_n_spells/textures/gui/icons/v2/resource/cooldown.png,P1,ars_n_spells:ui/help,icon.ars_n_spells.resource.cooldown,Cost quote; HUD; ritual preview; balance inspector
ars_n_spells:resource/duration,assets/ars_n_spells/textures/gui/icons/v2/resource/duration.png,P1,ars_n_spells:ui/help,icon.ars_n_spells.resource.duration,Cost quote; HUD; ritual preview; balance inspector
ars_n_spells:resource/range,assets/ars_n_spells/textures/gui/icons/v2/resource/range.png,P1,ars_n_spells:ui/help,icon.ars_n_spells.resource.range,Cost quote; HUD; ritual preview; balance inspector
ars_n_spells:resource/area,assets/ars_n_spells/textures/gui/icons/v2/resource/area.png,P1,ars_n_spells:ui/help,icon.ars_n_spells.resource.area,Cost quote; HUD; ritual preview; balance inspector
ars_n_spells:resource/tier_one,assets/ars_n_spells/textures/gui/icons/v2/resource/tier_one.png,P1,ars_n_spells:ui/help,icon.ars_n_spells.resource.tier_one,Cost quote; HUD; ritual preview; balance inspector
ars_n_spells:resource/tier_two,assets/ars_n_spells/textures/gui/icons/v2/resource/tier_two.png,P1,ars_n_spells:ui/help,icon.ars_n_spells.resource.tier_two,Cost quote; HUD; ritual preview; balance inspector
ars_n_spells:resource/tier_three,assets/ars_n_spells/textures/gui/icons/v2/resource/tier_three.png,P1,ars_n_spells:ui/help,icon.ars_n_spells.resource.tier_three,Cost quote; HUD; ritual preview; balance inspector
ars_n_spells:ritual/mana_infusion,assets/ars_n_spells/textures/gui/icons/v2/ritual/mana_infusion.png,P2,ars_n_spells:ui/help,icon.ars_n_spells.ritual.mana_infusion,Ritual tablet item/guide/JEI recipe category; reuse own art only after provenance review
ars_n_spells:ritual/mana_well,assets/ars_n_spells/textures/gui/icons/v2/ritual/mana_well.png,P2,ars_n_spells:ui/help,icon.ars_n_spells.ritual.mana_well,Ritual tablet item/guide/JEI recipe category; reuse own art only after provenance review
ars_n_spells:ritual/spell_transcription,assets/ars_n_spells/textures/gui/icons/v2/ritual/spell_transcription.png,P2,ars_n_spells:ui/help,icon.ars_n_spells.ritual.spell_transcription,Ritual tablet item/guide/JEI recipe category; reuse own art only after provenance review
ars_n_spells:ritual/spellbook_binding,assets/ars_n_spells/textures/gui/icons/v2/ritual/spellbook_binding.png,P2,ars_n_spells:ui/help,icon.ars_n_spells.ritual.spellbook_binding,Ritual tablet item/guide/JEI recipe category; reuse own art only after provenance review
ars_n_spells:ritual/spell_uninscription,assets/ars_n_spells/textures/gui/icons/v2/ritual/spell_uninscription.png,P2,ars_n_spells:ui/help,icon.ars_n_spells.ritual.spell_uninscription,Ritual tablet item/guide/JEI recipe category; reuse own art only after provenance review
ars_n_spells:carrier/scroll_blank,assets/ars_n_spells/textures/gui/icons/v2/carrier/scroll_blank.png,P2,ars_n_spells:ui/help,icon.ars_n_spells.carrier.scroll_blank,Loom slot hints; book inspector; onboarding
ars_n_spells:carrier/scroll_inscribed,assets/ars_n_spells/textures/gui/icons/v2/carrier/scroll_inscribed.png,P2,ars_n_spells:ui/help,icon.ars_n_spells.carrier.scroll_inscribed,Loom slot hints; book inspector; onboarding
ars_n_spells:carrier/book_ars,assets/ars_n_spells/textures/gui/icons/v2/carrier/book_ars.png,P2,ars_n_spells:ui/help,icon.ars_n_spells.carrier.book_ars,Loom slot hints; book inspector; onboarding
ars_n_spells:carrier/book_irons,assets/ars_n_spells/textures/gui/icons/v2/carrier/book_irons.png,P2,ars_n_spells:ui/help,icon.ars_n_spells.carrier.book_irons,Loom slot hints; book inspector; onboarding
ars_n_spells:carrier/book_mixed,assets/ars_n_spells/textures/gui/icons/v2/carrier/book_mixed.png,P2,ars_n_spells:ui/help,icon.ars_n_spells.carrier.book_mixed,Loom slot hints; book inspector; onboarding
ars_n_spells:carrier/focus,assets/ars_n_spells/textures/gui/icons/v2/carrier/focus.png,P2,ars_n_spells:ui/help,icon.ars_n_spells.carrier.focus,Loom slot hints; book inspector; onboarding
ars_n_spells:carrier/parchment,assets/ars_n_spells/textures/gui/icons/v2/carrier/parchment.png,P2,ars_n_spells:ui/help,icon.ars_n_spells.carrier.parchment,Loom slot hints; book inspector; onboarding
ars_n_spells:carrier/slot_empty,assets/ars_n_spells/textures/gui/icons/v2/carrier/slot_empty.png,P2,ars_n_spells:ui/help,icon.ars_n_spells.carrier.slot_empty,Loom slot hints; book inspector; onboarding
ars_n_spells:carrier/slot_native,assets/ars_n_spells/textures/gui/icons/v2/carrier/slot_native.png,P2,ars_n_spells:ui/help,icon.ars_n_spells.carrier.slot_native,Loom slot hints; book inspector; onboarding
ars_n_spells:carrier/slot_cross,assets/ars_n_spells/textures/gui/icons/v2/carrier/slot_cross.png,P2,ars_n_spells:ui/help,icon.ars_n_spells.carrier.slot_cross,Loom slot hints; book inspector; onboarding
ars_n_spells:carrier/slot_conflict,assets/ars_n_spells/textures/gui/icons/v2/carrier/slot_conflict.png,P2,ars_n_spells:ui/help,icon.ars_n_spells.carrier.slot_conflict,Loom slot hints; book inspector; onboarding
ars_n_spells:carrier/slot_locked,assets/ars_n_spells/textures/gui/icons/v2/carrier/slot_locked.png,P2,ars_n_spells:ui/help,icon.ars_n_spells.carrier.slot_locked,Loom slot hints; book inspector; onboarding
